ID,cut_1193.94,cut_1145.7,cut_1085.4,cut_1025.1,cut_964.8,cut_904.5,cut_844.2,cut_783.9,cut_723.6,cut_663.3,cut_603,cut_542.7,cut_482.4,cut_422.1,cut_361.8,cut_301.5,cut_241.2,cut_180.9,cut_120.6,dendrogram_order
ENOG411DUYC,8,19,44,74,87,94,100,108,118,125,139,147,162,186,203,225,252,291,327,1.0
ENOG411DZDB,8,19,44,74,87,94,100,108,118,125,139,147,162,186,203,225,252,291,327,2.0
ENOG411DQCI,8,19,50,84,100,107,113,123,139,148,164,176,191,220,240,264,295,335,375,3.0
ENOG411DS36,8,19,50,84,100,107,113,123,139,148,164,176,191,220,240,264,295,335,375,4.0
ENOG411DQEQ,8,21,53,88,105,112,120,130,146,156,172,184,199,228,249,274,305,347,387,5.0
ENOG411DZZD,8,21,53,88,105,112,120,130,146,156,172,184,199,228,249,274,305,347,387,6.0
ENOG411DQDJ,8,21,56,91,108,115,124,134,150,161,180,192,207,237,259,285,317,360,401,7.0
ENOG411E16G,8,21,56,91,108,115,124,134,150,161,180,192,207,237,259,285,317,360,401,8.0
ENOG411DUTJ,8,23,64,100,121,128,140,151,168,185,208,223,239,271,297,330,367,413,457,9.0
ENOG411DXQ0,8,23,64,100,121,128,140,151,168,185,208,223,239,271,297,330,367,413,457,10.0
ENOG411E3B6,8,28,72,110,132,140,156,169,192,213,239,261,280,315,345,383,423,471,518,11.0
ENOG411EEJW,8,28,72,110,132,140,156,169,192,213,239,261,280,315,345,383,423,471,518,12.0
ENOG411DQBX,8,34,81,121,144,152,171,187,211,236,262,287,309,345,378,418,459,508,556,13.0
ENOG411DRV7,8,34,81,121,144,152,171,187,211,236,262,287,309,345,378,418,459,508,556,14.0
ENOG411DZJC,8,27,71,107,129,136,149,161,179,200,226,246,264,298,327,363,402,450,495,15.0
ENOG411E16V,8,27,71,107,129,136,149,161,179,200,226,246,264,298,327,363,402,450,495,16.0
ENOG411DV78,4,26,70,106,128,135,148,160,178,199,225,244,262,296,325,361,400,448,493,17.0
ENOG411E2D3,4,26,70,106,128,135,148,160,178,199,225,244,262,296,325,361,400,448,493,18.0
ENOG411DR7C,4,8,14,22,25,27,29,32,32,34,37,39,39,44,47,54,63,83,99,19.0
ENOG411DVVT,4,8,14,22,25,27,29,32,32,34,37,39,39,44,47,54,63,83,99,20.0
ENOG411DX0Y,4,29,73,111,133,141,157,170,193,215,241,263,283,318,348,387,427,475,522,21.0
ENOG411DYTR,4,29,73,111,133,141,157,170,193,215,241,263,283,318,348,387,427,475,522,22.0
ENOG411EBSN,4,33,80,119,142,150,169,185,208,233,259,284,306,341,373,413,454,503,551,23.0
ENOG411ECB4,4,33,80,119,142,150,169,185,208,233,259,284,306,341,373,413,454,503,551,24.0
ENOG411DRUB,4,30,75,113,135,143,161,176,199,222,248,271,291,326,358,397,437,486,533,25.0
ENOG411EKI1,4,30,75,113,135,143,161,176,199,222,248,271,291,326,358,397,437,486,533,26.0
ENOG411DZ6R,4,31,77,116,139,147,165,181,204,228,254,278,299,334,366,406,446,495,543,27.0
ENOG411EKJB,4,31,77,116,139,147,165,181,204,228,254,278,299,334,366,406,446,495,543,28.0
ENOG411E2KZ,4,32,78,117,140,148,166,182,205,229,255,279,300,335,367,407,448,497,545,29.0
ENOG411E440,4,32,78,117,140,148,166,182,205,229,255,279,300,335,367,407,448,497,545,30.0
ENOG411DRZV,4,35,83,123,146,154,173,189,213,239,265,290,312,349,382,422,464,513,561,31.0
ENOG411E0KV,4,35,83,123,146,154,173,189,213,239,265,290,312,349,382,422,464,513,561,32.0
ENOG411DR34,9,36,84,124,148,157,177,193,218,244,270,295,321,358,392,433,476,525,574,33.0
ENOG411DU16,9,36,84,124,148,157,177,193,218,244,270,295,321,358,392,433,476,525,574,34.0
ENOG411DURE,9,39,87,130,156,167,187,203,229,259,286,311,338,375,412,454,499,550,600,35.0
ENOG411DV8Y,9,39,87,130,156,167,187,203,229,259,286,311,338,375,412,454,499,550,600,36.0
ENOG411DT72,9,38,86,128,153,164,184,200,226,256,282,307,333,370,407,449,493,544,594,37.0
ENOG411DTCW,9,38,86,128,153,164,184,200,226,256,282,307,333,370,407,449,493,544,594,38.0
ENOG411DTXV,9,40,88,132,158,169,189,205,231,261,289,314,342,380,417,459,505,557,607,39.0
ENOG411DUD2,9,40,88,132,158,169,189,205,231,261,289,314,342,380,417,459,505,557,607,40.0
ENOG411DUNT,10,41,89,134,161,172,192,208,235,265,293,318,347,388,425,468,515,568,619,41.0
ENOG411E9UG,10,41,89,134,161,172,192,208,235,265,293,318,347,388,425,468,515,568,619,42.0
ENOG411DSDF,10,42,92,137,164,175,196,214,242,274,303,328,359,401,438,482,529,582,633,43.0
ENOG411DY1I,10,42,92,137,164,175,196,214,242,274,303,328,359,401,438,482,529,582,633,44.0
ENOG411EBRW,10,43,93,138,167,179,200,218,246,278,308,334,365,407,444,488,535,588,639,45.0
ENOG411EE5C,10,43,93,138,167,179,200,218,246,278,308,334,365,407,444,488,535,588,639,46.0
ENOG411DQKR,10,44,94,139,168,180,201,219,247,279,309,335,366,408,445,489,536,589,640,47.0
ENOG411DQXX,10,44,94,139,168,180,201,219,247,279,309,335,366,408,445,489,536,589,640,48.0
ENOG411DUPV,11,61,119,178,216,249,285,316,356,392,433,476,515,565,612,663,717,772,828,49.0
ENOG411DWA5,11,61,119,178,216,249,285,316,356,392,433,476,515,565,612,663,717,772,828,50.0
ENOG411DPYQ,11,47,97,147,179,195,219,239,269,302,334,365,400,443,480,525,573,628,682,51.0
ENOG411DWYK,11,47,97,147,179,195,219,239,269,302,334,365,400,443,480,525,573,628,682,52.0
ENOG411DURV,11,45,95,143,173,185,207,226,255,287,317,346,378,420,457,502,549,602,654,53.0
ENOG411E4FQ,11,45,95,143,173,185,207,226,255,287,317,346,378,420,457,502,549,602,654,54.0
ENOG411DWHN,11,46,96,144,174,186,208,227,256,288,318,348,380,422,459,504,551,604,656,55.0
ENOG411E6SH,11,46,96,144,174,186,208,227,256,288,318,348,380,422,459,504,551,604,656,56.0
ENOG411DU7F,12,50,100,150,182,199,225,245,275,308,340,371,407,451,489,535,583,638,693,57.0
ENOG411DWVW,12,50,100,150,182,199,225,245,275,308,340,371,407,451,489,535,583,638,693,58.0
ENOG411DSEW,12,49,99,149,181,198,224,244,274,307,339,370,406,450,488,534,582,637,692,59.0
ENOG411DXFW,12,49,99,149,181,198,224,244,274,307,339,370,406,450,488,534,582,637,692,60.0
ENOG411DPVB,12,55,112,166,201,225,256,282,317,352,388,424,462,507,550,599,650,705,761,61.0
ENOG411DUEJ,12,55,112,166,201,225,256,282,317,352,388,424,462,507,550,599,650,705,761,62.0
ENOG411DQ17,12,52,105,158,192,215,244,268,302,337,373,408,446,490,531,579,629,684,740,63.0
ENOG411DZVD,12,52,105,158,192,215,244,268,302,337,373,408,446,490,531,579,629,684,740,64.0
ENOG411DQN6,13,51,104,157,191,213,242,266,299,334,369,402,440,484,525,573,623,678,734,65.0
ENOG411DSDU,13,51,104,157,191,213,242,266,299,334,369,402,440,484,525,573,623,678,734,66.0
ENOG411DXJJ,13,54,110,164,199,223,254,280,315,350,386,422,460,505,548,596,646,701,757,67.0
ENOG411E7H5,13,54,110,164,199,223,254,280,315,350,386,422,460,505,548,596,646,701,757,68.0
ENOG411E87N,13,53,109,163,198,222,253,279,314,349,385,421,459,504,547,595,645,700,756,69.0
ENOG411EH8G,13,53,109,163,198,222,253,279,314,349,385,421,459,504,547,595,645,700,756,70.0
ENOG411DSE1,13,57,115,170,206,231,262,289,324,360,396,432,470,516,559,608,659,714,770,71.0
ENOG411DSEU,13,57,115,170,206,231,262,289,324,360,396,432,470,516,559,608,659,714,770,72.0
ENOG411DQHX,14,60,118,174,210,237,269,298,334,370,408,446,485,532,578,629,683,738,794,73.0
ENOG411DSPR,14,60,118,174,210,237,269,298,334,370,408,446,485,532,578,629,683,738,794,74.0
ENOG411DSHE,14,59,117,173,209,235,267,296,332,368,406,444,483,530,576,627,681,736,792,75.0
ENOG411DV9V,14,59,117,173,209,235,267,296,332,368,406,444,483,530,576,627,681,736,792,76.0
ENOG411DU0J,14,58,116,172,208,234,266,293,329,365,403,439,477,523,568,618,670,725,781,77.0
ENOG411DXCH,14,58,116,172,208,234,266,293,329,365,403,439,477,523,568,618,670,725,781,78.0
ENOG411DYR4,14,62,122,181,223,258,295,326,366,404,446,491,530,580,629,680,734,789,845,79.0
ENOG411EKX7,14,62,122,181,223,258,295,326,366,404,446,491,530,580,629,680,734,789,845,80.0
ENOG411DSWG,2,9,16,25,28,32,35,39,39,41,45,47,48,55,58,65,76,97,117,81.0
ENOG411DUGG,2,9,16,25,28,32,35,39,39,41,45,47,48,55,58,65,76,97,117,82.0
ENOG411DSFU,2,10,23,34,37,42,46,50,52,54,60,63,66,78,82,91,106,131,155,83.0
ENOG411E01U,2,10,23,34,37,42,46,50,52,54,60,63,66,78,82,91,106,131,155,84.0
ENOG411DTQ9,2,3,6,11,13,14,16,19,19,21,23,25,25,28,30,34,43,59,71,85.0
ENOG411DTKV,2,3,6,11,13,14,16,19,19,21,23,25,25,28,30,34,43,59,71,86.0
ENOG411E4WR,2,3,6,11,13,14,16,19,19,21,23,25,25,28,30,34,43,59,71,87.0
ENOG411DT89,2,5,8,14,16,17,19,22,22,24,27,29,29,32,34,38,47,63,76,88.0
ENOG411DQEB,2,5,8,14,16,17,19,22,22,24,27,29,29,32,34,38,47,63,76,89.0
ENOG411DR5B,2,5,8,14,16,17,19,22,22,24,27,29,29,32,34,38,47,63,76,90.0
ENOG411DQD4,3,7,12,20,22,24,26,29,29,31,34,36,36,41,44,51,60,189,218,91.0
ENOG411DQGH,3,7,12,20,22,24,26,29,29,31,34,36,36,41,44,51,60,80,96,92.0
ENOG411DS00,3,7,12,20,22,24,26,29,29,31,34,36,36,41,44,51,60,80,96,93.0
ENOG411DTTT,3,7,12,20,22,24,26,29,29,31,34,36,36,41,44,51,60,80,101,94.0
ENOG411DWGM,3,7,12,20,22,24,26,29,29,31,34,36,36,41,44,51,60,80,101,95.0
ENOG411DZYN,3,7,12,20,22,24,26,29,29,31,34,36,36,41,44,51,60,80,101,96.0
ENOG411DR58,3,7,12,20,22,24,26,29,29,31,34,36,36,41,44,51,60,80,101,97.0
ENOG411DQNK,3,7,12,20,22,24,26,29,29,31,34,36,36,41,44,51,60,80,101,98.0
ENOG411DQQN,3,48,98,148,180,196,220,240,270,303,335,366,401,544,591,642,696,751,807,99.0
ENOG411E3JV,3,48,98,148,180,196,220,240,270,303,335,366,401,444,796,856,916,977,1037,100.0
ENOG411DS75,3,48,98,148,180,196,220,240,270,303,335,366,401,444,481,526,574,629,683,101.0
ENOG411DYTA,3,48,98,148,180,196,220,240,270,303,335,366,401,444,481,526,574,629,683,102.0
ENOG411DQ27,3,6,9,16,18,20,22,25,260,292,323,353,387,430,467,512,560,614,667,103.0
ENOG411E4D9,3,6,9,16,18,20,22,25,25,27,30,32,32,36,39,45,54,73,89,104.0
ENOG411E5XI,3,6,9,16,18,20,22,25,25,27,30,32,540,591,642,693,748,803,860,105.0
ENOG411DQVA,3,24,65,101,122,129,141,152,217,243,269,294,320,357,391,432,475,524,573,106.0
ENOG411DYNX,3,24,65,101,122,129,141,152,217,243,269,294,320,357,744,803,862,923,983,107.0
ENOG411DRKH,3,24,65,101,122,129,141,152,170,188,211,226,242,275,301,334,372,418,462,108.0
ENOG411DTZD,3,24,65,101,122,129,141,152,170,188,211,226,384,427,464,509,557,610,663,109.0
ENOG411DU6H,3,24,65,101,122,129,141,152,170,188,211,226,384,427,572,623,675,730,786,110.0
ENOG411DW18,6,17,39,64,75,82,87,94,119,126,140,148,163,188,206,228,255,294,330,111.0
ENOG411E26V,6,17,39,64,75,82,87,94,103,110,123,130,142,164,178,198,220,257,292,112.0
ENOG411E4MH,6,17,39,64,75,82,87,94,103,110,472,521,566,623,677,731,788,843,900,113.0
ENOG411DR6K,6,14,32,51,56,62,67,122,138,147,163,174,189,218,238,262,293,333,373,114.0
ENOG411DQW8,6,14,32,51,56,62,67,71,76,80,90,94,99,116,123,137,152,184,213,115.0
ENOG411E050,6,14,32,51,56,62,67,71,76,80,462,510,553,609,660,713,769,824,881,116.0
ENOG411E9CB,6,13,31,50,55,61,66,349,400,455,510,565,622,682,738,797,855,916,976,117.0
ENOG411E470,6,13,31,50,55,61,66,70,75,78,86,89,93,109,116,130,145,177,204,118.0
ENOG411E605,6,13,31,50,55,61,66,70,75,78,461,509,552,608,659,712,768,823,880,119.0
ENOG411E0SD,6,15,34,56,63,69,74,363,420,477,533,591,649,709,768,828,888,949,1009,120.0
ENOG411DVT3,6,15,34,56,63,69,74,78,84,90,101,105,111,128,136,152,169,203,232,121.0
ENOG411DXZF,6,15,34,56,63,69,74,78,84,90,320,350,382,424,461,506,554,607,659,122.0
ENOG411DRZ8,7,16,36,59,67,73,78,273,308,343,379,414,452,496,537,585,635,690,746,123.0
ENOG411DRV0,7,16,36,59,67,73,78,82,88,94,105,109,115,133,141,157,175,209,238,124.0
ENOG411DYRK,7,16,36,59,67,73,78,82,88,94,466,515,558,614,666,719,776,831,888,125.0
ENOG411DXC7,7,22,58,93,111,118,129,390,449,507,567,626,686,746,807,867,927,988,1048,126.0
ENOG411DVKX,7,22,58,93,111,118,129,139,156,168,187,199,214,245,268,295,327,370,412,127.0
ENOG411DWPV,7,22,58,93,111,118,129,139,156,168,488,539,588,648,704,761,819,876,933,128.0
ENOG411DTEA,7,56,113,167,202,226,257,295,331,367,405,441,479,525,570,621,673,728,784,129.0
ENOG411DQBJ,7,56,113,167,202,226,257,283,318,353,389,425,463,508,551,600,651,706,762,130.0
ENOG411EKD0,7,56,113,167,202,226,257,283,318,510,570,629,689,749,810,870,930,991,1051,131.0
ENOG411DQZ2,7,37,85,127,152,163,183,288,323,359,395,431,469,515,558,607,658,713,769,132.0
ENOG411DT8Z,7,37,85,127,152,163,183,372,429,487,544,602,661,721,781,841,901,962,1022,133.0
ENOG411DS76,7,37,85,127,152,163,183,199,225,255,281,306,332,369,406,448,492,543,593,134.0
ENOG411E0UA,7,37,85,127,152,163,183,199,225,461,516,571,629,689,746,805,864,925,985,135.0
ENOG411DSKY,5,11,25,36,39,44,318,364,421,478,534,592,650,710,769,829,889,950,1010,136.0
ENOG411DS8E,5,11,25,36,39,44,48,52,55,57,63,66,69,81,86,96,111,137,161,137.0
ENOG411DXYF,5,11,25,36,39,44,48,52,55,57,195,209,224,255,279,310,344,389,433,138.0
ENOG411E2MK,5,11,25,36,39,44,48,52,55,57,195,209,224,255,279,310,344,884,941,139.0
ENOG411E6H3,5,12,28,45,50,55,91,98,107,114,127,134,146,168,183,203,225,263,298,140.0
ENOG411E72I,5,12,28,45,50,55,91,98,107,114,127,134,146,168,183,203,225,263,298,141.0
ENOG411E5KS,5,12,28,45,50,55,59,63,66,69,76,79,83,97,103,115,130,160,186,142.0
ENOG411E637,5,12,28,45,50,55,59,63,66,248,274,299,325,362,397,439,482,531,580,143.0
ENOG411EC0B,5,20,51,86,102,109,116,126,142,152,168,180,195,224,244,269,300,341,381,144.0
ENOG411EKXU,5,20,51,86,102,109,116,126,382,432,482,533,580,640,695,751,808,865,922,145.0
ENOG411EGBQ,5,20,51,125,150,159,179,195,220,249,275,300,326,363,398,440,483,533,582,146.0
ENOG411EDFG,5,20,51,125,150,159,179,294,330,366,404,440,478,524,569,620,672,727,783,147.0
ENOG411DUPI,5,25,67,103,124,131,144,155,173,194,220,238,256,289,318,352,391,438,483,148.0
ENOG411DWQP,5,25,67,103,124,131,144,155,393,445,499,553,606,666,722,781,839,899,956,149.0
ENOG411DUJJ,5,25,67,140,169,181,202,220,248,280,310,336,367,409,446,490,537,590,641,150.0
ENOG411DXBU,5,25,67,140,169,181,202,220,416,473,529,587,645,705,764,824,883,944,1004,151.0
ENOG411DVQY,1,2,103,156,190,209,237,260,293,327,362,393,430,474,514,561,610,665,721,152.0
ENOG411DRWI,1,2,103,156,190,209,237,329,369,408,450,495,535,585,634,685,739,794,850,153.0
ENOG411EF1K,1,2,2,3,4,281,331,379,437,495,553,611,671,731,791,851,911,972,1032,154.0
ENOG411E51P,1,2,2,3,4,4,4,4,4,4,24,26,26,29,31,35,44,60,72,155.0
ENOG411E2PK,1,2,2,3,4,4,4,4,4,4,4,4,4,64,67,74,189,224,257,156.0
ENOG411E4SP,1,2,2,3,4,4,4,4,4,4,4,4,4,64,67,74,86,107,128,157.0
ENOG411E4X2,1,2,2,3,4,4,4,4,4,4,4,4,4,64,67,74,86,108,129,158.0
ENOG411EKM0,1,2,2,3,4,4,4,4,4,4,4,4,4,5,780,840,900,961,1021,159.0
ENOG411E4YY,1,2,2,3,4,4,4,4,4,4,4,4,4,5,5,6,7,46,55,160.0
ENOG411E58N,1,2,2,3,4,4,4,4,4,4,4,4,4,5,5,6,7,46,695,161.0
ENOG411E4W9,1,2,2,3,4,4,4,4,4,4,4,4,4,5,5,6,7,10,14,162.0
ENOG411E4XB,1,2,2,3,4,4,4,4,4,4,4,4,4,5,5,6,7,10,36,163.0
ENOG411EDHR,1,1,46,171,207,233,265,292,327,363,400,436,474,520,565,614,666,721,777,164.0
ENOG411EEFA,1,1,46,171,207,233,265,395,455,515,575,635,695,755,816,876,936,997,1057,165.0
ENOG411E2YH,1,1,46,76,89,214,243,267,301,336,372,405,443,487,528,576,626,681,737,166.0
ENOG411DYR2,1,1,46,76,89,96,102,306,344,380,420,463,502,551,598,649,703,758,814,167.0
ENOG411DUMQ,1,1,46,76,89,96,102,111,122,129,143,151,166,191,209,231,258,297,336,168.0
ENOG411E3S8,1,1,46,76,89,96,102,111,122,193,219,237,253,286,315,349,388,434,479,169.0
ENOG411ECVM,1,1,19,30,33,38,42,416,476,536,596,657,717,777,838,898,958,1019,1079,170.0
ENOG411DQ9Q,1,1,19,30,33,38,42,247,277,310,342,373,409,453,491,537,585,640,696,171.0
ENOG411DUN4,1,1,19,30,33,38,42,46,48,50,55,58,60,71,75,83,96,120,144,172.0
ENOG411DZ4V,1,1,19,30,33,38,42,46,48,412,454,501,544,596,647,699,754,809,866,173.0
ENOG411DYDM,1,1,82,122,145,153,172,188,212,237,263,288,310,347,380,420,461,510,558,174.0
ENOG411DUDJ,1,1,82,122,145,153,172,188,353,389,430,473,512,562,609,660,714,769,825,175.0
ENOG411DRK5,1,1,40,65,76,83,277,307,345,381,421,464,503,552,599,650,704,759,815,176.0
ENOG411E3DU,1,1,40,65,76,83,231,253,284,318,352,383,419,463,502,549,598,653,709,177.0
ENOG411DQNA,1,1,40,65,76,83,88,95,104,111,124,131,143,165,180,200,222,259,294,178.0
ENOG411DPQT,1,1,40,65,76,83,88,95,126,134,149,158,173,201,219,241,270,309,348,179.0
ENOG411EMQK,1,1,40,65,76,83,88,95,126,134,473,522,567,624,678,732,789,844,901,180.0
ENOG411E2DP,1,1,40,120,143,267,310,351,403,458,513,568,625,685,741,800,859,920,980,181.0
ENOG411DVJ9,1,1,40,120,143,151,170,186,209,234,260,285,307,343,375,415,456,505,553,182.0
ENOG411DYF5,1,1,40,120,143,151,170,186,328,364,401,437,475,521,566,615,667,722,778,183.0
ENOG411EACZ,1,1,63,169,205,230,261,287,322,358,394,430,468,514,557,606,657,712,768,184.0
ENOG411EB2G,1,1,63,169,205,230,261,287,409,466,522,577,635,695,753,813,872,933,993,185.0
ENOG411E9TY,1,1,63,99,119,126,138,149,166,182,204,218,234,265,290,322,357,403,447,186.0
ENOG411ECK0,1,1,63,99,119,126,138,341,390,442,496,549,601,661,717,776,834,894,951,187.0
ENOG411DZK7,1,1,22,33,36,41,45,49,51,53,59,62,65,76,80,89,104,129,153,188.0
ENOG411E32I,1,1,22,33,36,41,45,49,51,53,456,503,546,599,650,702,758,813,870,189.0
ENOG411DSJY,1,1,66,176,214,245,280,310,348,384,424,467,506,555,602,653,707,762,818,190.0
ENOG411DZF1,1,1,66,176,214,245,280,310,407,464,520,575,633,693,750,809,868,929,989,191.0
ENOG411DQT3,1,1,66,102,123,130,142,153,171,189,212,227,243,276,302,335,373,419,463,192.0
ENOG411DSGU,1,1,66,102,123,130,264,291,326,362,399,435,473,519,564,613,664,719,775,193.0
ENOG411DTZF,1,1,59,94,112,187,209,228,257,289,319,349,381,423,460,505,553,606,658,194.0
ENOG411DSTD,1,1,59,94,112,119,130,213,241,272,301,326,356,398,435,478,525,578,629,195.0
ENOG411DQD8,1,1,59,94,112,119,130,140,157,169,188,200,215,246,269,296,329,372,414,196.0
ENOG411DUNR,1,1,59,94,112,119,130,140,157,437,489,540,589,649,705,762,820,877,934,197.0
ENOG411E9VJ,1,1,42,82,96,103,109,250,281,315,348,379,415,459,498,545,594,649,705,198.0
ENOG411DTC9,1,1,42,82,96,103,109,118,132,141,156,167,182,211,230,254,284,324,363,199.0
ENOG411EB69,1,1,42,82,96,103,109,118,132,428,478,529,575,633,688,743,800,855,912,200.0
ENOG411DVWQ,1,1,42,68,79,86,92,99,108,115,128,135,147,170,185,205,227,265,300,201.0
ENOG411E41U,1,1,42,68,79,212,240,264,297,332,367,400,437,481,522,570,620,675,731,202.0
ENOG411EBWN,1,1,42,68,79,212,240,419,479,539,599,660,720,780,841,901,961,1022,1082,203.0
ENOG411E3MB,1,1,102,154,189,208,236,258,291,325,359,390,427,471,510,557,606,661,717,204.0
ENOG411DXSA,1,1,102,154,187,206,233,255,286,320,354,385,421,465,504,551,600,655,711,205.0
ENOG411E3XC,1,1,102,154,187,206,233,255,286,513,573,633,693,753,814,874,934,995,1055,206.0
ENOG411DVNI,1,1,49,155,188,207,234,256,287,321,355,386,422,466,505,552,601,656,712,207.0
ENOG411E4IX,1,1,49,155,188,207,234,346,397,450,505,560,616,676,732,791,849,910,969,208.0
ENOG411DW6E,1,1,49,81,95,139,154,167,188,209,235,257,276,310,340,378,418,466,513,209.0
ENOG411DRFV,1,1,49,81,95,102,108,117,131,140,155,166,181,210,229,253,282,322,361,210.0
ENOG411DVNU,1,1,49,81,95,102,108,117,131,429,479,530,576,634,689,744,801,856,913,211.0
ENOG411ED95,1,1,74,112,227,265,308,348,399,454,509,564,621,681,737,796,854,915,974,212.0
ENOG411DR84,1,1,74,112,134,142,158,172,195,217,243,266,286,321,352,391,431,480,527,213.0
ENOG411E2VM,1,1,74,112,134,142,158,172,195,452,507,562,619,679,735,794,852,913,972,214.0
ENOG411DZ81,1,1,55,90,107,114,122,421,481,541,601,662,722,782,843,903,963,1024,1084,215.0
ENOG411DPQW,1,1,55,90,107,114,122,132,148,158,174,186,201,230,251,276,307,349,389,216.0
ENOG411DTE8,1,1,55,90,107,114,122,132,148,435,485,536,583,643,699,755,813,870,927,217.0
ENOG411E1TY,1,1,76,114,136,144,162,275,310,345,381,416,454,498,539,587,637,692,748,218.0
ENOG411E9BX,1,1,76,114,136,144,162,178,201,225,251,275,296,331,363,403,443,492,540,219.0
ENOG411EBGK,1,1,76,114,136,144,162,178,201,453,508,563,620,680,736,795,853,914,973,220.0
ENOG411DS4X,1,1,101,153,186,205,232,406,466,526,586,646,706,766,827,887,947,1008,1068,221.0
ENOG411DRU1,1,1,101,153,186,205,232,254,285,319,353,384,420,464,503,550,599,654,710,222.0
ENOG411DZ6M,1,1,101,153,186,205,232,254,439,497,556,614,674,734,794,854,914,975,1035,223.0
ENOG411DS62,1,1,68,104,125,193,217,236,266,299,331,362,397,440,477,522,570,624,678,224.0
ENOG411DREB,1,1,68,104,125,132,145,156,174,195,221,239,257,290,319,353,392,439,484,225.0
ENOG411E0P4,1,1,68,104,125,132,145,156,174,446,500,554,607,667,723,782,840,900,957,226.0
ENOG411EKQR,1,1,43,69,80,87,299,332,377,424,474,523,569,626,680,734,791,846,903,227.0
ENOG411EGNP,1,1,43,69,80,87,93,100,109,116,129,136,148,172,187,207,230,268,303,228.0
ENOG411EJSR,1,1,43,69,80,87,93,100,109,116,503,558,613,673,729,788,846,907,964,229.0
ENOG411DX7Q,1,1,17,27,30,294,350,402,462,522,582,642,702,762,823,883,943,1004,1064,230.0
ENOG411DQZY,1,1,17,27,30,35,38,42,42,44,48,50,52,60,63,70,82,103,124,231.0
ENOG411DU3N,1,1,17,27,30,35,38,42,42,44,48,458,497,545,592,643,697,752,808,232.0
ENOG411DQ3U,1,1,114,168,203,227,258,284,319,355,391,427,465,510,553,602,653,708,764,233.0
ENOG411DUZJ,1,1,114,168,203,227,258,284,432,490,548,606,665,725,785,845,905,966,1026,234.0
ENOG411DRQT,1,1,37,85,101,108,222,242,272,305,337,368,404,448,486,532,580,635,690,235.0
ENOG411DR1W,1,1,37,85,101,108,114,124,140,149,165,177,192,221,241,265,296,336,376,236.0
ENOG411E2Y2,1,1,37,85,101,108,114,124,380,430,480,531,578,636,691,747,804,860,917,237.0
ENOG411DPNW,1,1,37,60,69,75,80,84,91,98,110,114,124,144,153,170,191,226,259,238.0
ENOG411E2JJ,1,1,37,60,69,75,80,84,374,419,467,516,559,615,668,722,779,834,891,239.0
ENOG411E22A,1,1,37,60,118,125,342,393,452,511,571,631,691,751,812,872,932,993,1053,240.0
ENOG411DTT4,1,1,37,60,118,125,137,148,165,181,203,217,233,264,289,321,356,402,446,241.0
ENOG411DQRV,1,1,37,60,118,125,137,148,165,232,258,283,305,340,372,412,453,502,550,242.0
ENOG411DWIW,1,1,29,161,196,220,250,276,311,354,390,426,464,509,552,601,652,707,763,243.0
ENOG411DRZ6,1,1,29,161,196,220,250,276,311,346,382,417,455,499,541,589,639,694,750,244.0
ENOG411E3QT,1,1,29,161,196,220,250,276,311,346,382,630,690,750,811,871,931,992,1052,245.0
ENOG411DXIU,1,1,29,46,232,275,321,368,425,483,540,598,657,717,776,836,896,957,1017,246.0
ENOG411DU4R,1,1,29,46,51,240,273,302,340,376,415,457,496,543,590,641,695,750,806,247.0
ENOG411DRGD,1,1,29,46,51,57,62,66,130,139,154,165,180,209,228,252,281,321,360,248.0
ENOG411DT8H,1,1,29,46,51,57,62,66,130,139,154,165,340,377,414,456,502,554,604,249.0
ENOG411DV2K,1,1,29,46,51,57,62,66,70,296,327,357,392,435,472,517,565,619,673,250.0
ENOG411DQMA,1,1,29,46,51,57,62,66,70,73,80,83,87,102,108,120,135,166,193,251.0
ENOG411E36A,1,1,29,46,51,57,62,66,70,73,80,508,551,607,658,711,767,822,879,252.0
ENOG411DPZI,1,1,38,61,70,76,81,237,267,300,332,363,398,441,478,523,571,625,679,253.0
ENOG411DS5R,1,1,38,61,70,76,81,85,92,99,111,115,125,145,154,172,193,228,261,254.0
ENOG411DSIC,1,1,38,61,70,76,81,85,375,420,468,517,560,616,669,723,780,835,892,255.0
ENOG411DS3E,1,1,38,131,157,168,188,204,230,260,288,313,341,379,416,458,504,556,606,256.0
ENOG411DX0G,1,1,38,131,157,168,188,392,451,509,569,628,688,748,809,869,929,990,1050,257.0
ENOG411DQS2,1,1,91,136,163,174,252,278,313,348,384,420,458,502,544,592,642,697,753,258.0
ENOG411DQ3F,1,1,91,136,163,174,194,262,295,330,365,396,433,477,518,566,615,670,726,259.0
ENOG411DVH0,1,1,91,136,163,174,194,210,237,268,297,322,352,393,430,473,520,573,624,260.0
ENOG411E1BU,1,1,91,136,163,174,194,210,412,469,525,580,638,698,757,817,876,937,997,261.0
ENOG411DWDF,1,1,13,21,23,25,27,30,30,32,438,483,522,572,619,670,724,779,835,262.0
ENOG411DT6Y,1,1,13,21,23,25,27,30,30,32,35,37,37,42,45,52,61,81,97,263.0
ENOG411DWB3,1,1,13,21,23,25,27,30,30,32,35,37,37,42,45,52,61,611,664,264.0
ENOG411DUKK,1,1,57,92,109,116,125,135,151,162,181,193,208,238,260,286,318,361,402,265.0
ENOG411ECMG,1,1,57,92,109,116,125,135,153,164,183,195,210,240,262,288,320,363,404,266.0
ENOG411DQH9,1,1,24,35,38,43,47,51,53,55,61,64,67,79,84,93,108,133,157,267.0
ENOG411DRBI,1,1,24,35,38,43,47,51,53,414,457,504,547,600,651,703,759,814,871,268.0
ENOG411DU07,1,1,15,24,27,30,326,374,431,489,547,605,664,724,784,844,904,965,1025,269.0
ENOG411DSIN,1,1,15,24,27,30,223,243,273,306,338,369,405,449,487,533,581,636,691,270.0
ENOG411DTDR,1,1,15,24,27,30,33,36,36,38,42,44,45,51,54,61,71,92,110,271.0
ENOG411DRDP,1,1,15,24,27,30,33,36,279,312,344,375,411,455,493,539,587,642,698,272.0
ENOG411DY5A,1,1,15,24,27,30,33,36,279,312,344,375,411,455,493,695,750,805,862,273.0
ENOG411E12V,1,1,35,58,65,71,76,80,86,92,103,137,149,173,188,208,231,269,304,274.0
ENOG411DUI9,1,1,35,58,65,71,76,80,86,92,103,107,113,130,138,154,171,205,234,275.0
ENOG411EJFT,1,1,35,58,65,71,76,80,86,92,103,513,556,612,663,716,773,828,885,276.0
ENOG411DSWW,1,1,35,58,71,78,83,106,116,123,137,145,160,184,201,223,249,288,324,277.0
ENOG411DUX6,1,1,35,58,71,78,83,106,116,179,201,215,230,261,285,317,352,398,442,278.0
ENOG411E0ZA,1,1,35,58,71,78,83,87,221,250,276,301,327,364,400,442,485,536,585,279.0
ENOG411DU1T,1,1,35,58,71,78,83,87,94,101,113,117,129,150,159,177,198,234,268,280.0
ENOG411DXWC,1,1,35,58,71,78,83,87,94,101,113,117,129,231,252,277,308,350,391,281.0
ENOG411DW6T,1,1,10,83,97,295,351,403,463,523,583,643,703,763,824,884,944,1005,1065,282.0
ENOG411DXDQ,1,1,10,83,97,290,345,397,457,517,577,637,697,757,818,878,938,999,1059,283.0
ENOG411DT1E,1,1,10,83,97,104,110,119,335,371,409,448,487,534,580,631,685,740,796,284.0
ENOG411DRSR,1,1,10,83,97,104,110,119,134,143,158,169,184,213,232,256,286,326,365,285.0
ENOG411DPSU,1,1,10,83,97,104,110,119,134,143,158,169,313,350,383,423,465,514,562,286.0
ENOG411DRGY,1,1,10,17,235,282,332,380,438,496,554,612,672,732,792,852,912,973,1033,287.0
ENOG411DZIV,1,1,10,17,228,266,309,350,402,457,512,567,624,684,740,799,858,919,979,288.0
ENOG411DU7M,1,1,10,17,19,21,23,26,26,28,31,33,33,37,40,47,56,76,92,289.0
ENOG411DWH8,1,1,10,17,19,21,23,26,26,28,31,33,33,592,643,694,749,804,861,290.0
ENOG411DQGQ,1,1,10,17,219,254,291,322,362,399,441,486,525,575,623,674,728,783,839,291.0
ENOG411DUD3,1,1,10,17,239,287,341,391,450,508,568,627,687,747,808,868,928,989,1049,292.0
ENOG411DPT3,1,1,10,17,81,204,230,252,283,317,351,382,418,462,501,548,597,652,708,293.0
ENOG411DU84,1,1,10,17,81,273,316,360,417,474,530,588,646,706,765,825,884,945,1005,294.0
ENOG411DWGJ,1,1,10,17,81,263,302,338,385,436,486,537,584,644,700,756,814,871,928,295.0
ENOG411DQWR,1,1,10,17,81,88,94,143,160,173,193,207,222,253,277,308,341,385,429,296.0
ENOG411DT5V,1,1,10,17,81,88,94,143,160,173,200,214,229,260,284,315,350,396,440,297.0
ENOG411E0MG,1,1,10,17,81,88,94,143,160,173,200,545,597,657,713,771,829,889,946,298.0
ENOG411DYQA,1,1,10,17,81,88,94,101,191,421,469,518,562,618,671,725,782,837,894,299.0
ENOG411DQ4D,1,1,10,17,81,88,94,101,191,212,238,361,396,439,476,521,569,623,677,300.0
ENOG411DX07,1,1,10,17,81,88,94,101,191,212,238,260,617,677,733,792,850,911,970,301.0
ENOG411DRB0,1,1,10,17,81,88,94,101,191,212,238,260,279,314,344,382,422,470,517,302.0
ENOG411DVWT,1,1,10,17,81,88,94,101,191,212,238,260,279,314,512,559,608,663,719,303.0
ENOG411DR54,1,1,10,17,81,88,94,101,169,186,209,224,240,273,299,332,369,415,459,304.0
ENOG411DU35,1,1,10,17,81,88,94,101,110,159,177,189,204,234,256,281,312,354,395,305.0
ENOG411DPT0,1,1,10,17,81,88,94,101,110,117,130,138,151,175,192,213,237,275,310,306.0
ENOG411DSXU,1,1,10,17,81,88,94,101,110,117,176,188,203,233,254,279,310,352,393,307.0
ENOG411EKFX,1,1,47,78,92,99,105,114,125,133,147,155,170,197,215,237,265,304,343,308.0
ENOG411EKG2,1,1,47,78,92,99,105,114,125,427,477,527,573,631,686,741,798,853,910,309.0
ENOG411DQ4F,1,1,61,97,116,123,135,146,163,178,199,213,228,259,283,314,349,395,439,310.0
ENOG411E555,1,1,61,97,116,123,135,146,387,439,493,544,596,656,712,770,828,888,945,311.0
ENOG411E5X6,1,1,69,105,127,134,147,159,177,198,224,242,260,293,322,356,395,442,487,312.0
ENOG411E9T7,1,1,69,105,127,134,147,159,395,448,502,557,610,670,726,785,843,903,960,313.0
ENOG411DQYH,1,1,90,135,162,173,193,209,236,267,296,321,351,392,429,472,519,572,623,314.0
ENOG411E0UD,1,1,90,135,162,173,193,356,411,468,524,579,637,697,756,816,875,936,996,315.0
ENOG411DRWE,1,1,120,179,217,250,286,317,357,393,434,477,516,566,613,664,718,773,829,316.0
ENOG411DS5E,1,1,120,179,217,250,286,411,471,531,591,651,711,771,832,892,952,1013,1073,317.0
ENOG411DPZ4,1,1,111,165,200,224,255,281,316,351,387,423,461,506,549,598,649,704,760,318.0
ENOG411DU5Z,1,1,111,165,200,224,255,328,368,406,448,493,533,583,632,683,737,792,848,319.0
ENOG411DSAR,1,1,107,160,194,217,247,271,305,340,376,411,449,493,534,582,632,687,743,320.0
ENOG411DVX3,1,1,107,160,194,217,247,420,480,540,600,661,721,781,842,902,962,1023,1083,321.0
ENOG411DRJT,1,1,108,162,197,221,251,277,312,347,383,419,457,501,543,591,641,696,752,322.0
ENOG411DZH3,1,1,108,162,197,221,251,407,467,527,587,647,707,767,828,888,948,1009,1069,323.0
ENOG411DQHJ,1,1,33,53,58,64,69,73,78,83,93,97,102,119,126,140,156,188,217,324.0
ENOG411DV91,1,1,33,53,58,64,69,73,78,416,463,511,554,610,661,714,771,826,883,325.0
ENOG411E5AA,1,1,62,98,117,124,136,147,164,180,202,216,231,262,287,319,354,400,444,326.0
ENOG411E6A2,1,1,62,98,117,124,136,147,389,441,495,548,600,660,716,775,833,893,950,327.0
ENOG411DYDD,1,1,54,89,106,113,347,399,459,519,579,639,699,759,820,880,940,1001,1061,328.0
ENOG411DXUE,1,1,54,89,106,113,121,131,338,374,412,452,491,538,584,635,689,744,800,329.0
ENOG411DXTT,1,1,54,89,106,113,121,131,147,157,173,185,200,229,250,275,306,348,388,330.0
ENOG411DV87,1,1,54,89,106,113,121,131,147,157,173,185,200,229,250,275,306,348,499,331.0
ENOG411DRE2,1,1,20,133,160,171,214,233,263,295,326,356,391,434,471,516,564,618,671,332.0
ENOG411DPQ4,1,1,20,133,160,171,191,207,233,263,291,316,345,386,423,466,513,566,617,333.0
ENOG411DSP9,1,1,20,133,160,171,191,207,408,465,521,576,634,694,752,812,871,932,992,334.0
ENOG411DY1T,1,1,20,70,82,89,95,102,453,512,572,632,692,752,813,873,933,994,1054,335.0
ENOG411DVZE,1,1,20,70,82,89,95,102,111,118,131,139,152,176,193,215,239,278,313,336.0
ENOG411DWWP,1,1,20,70,82,89,95,102,111,329,364,395,432,476,517,564,613,668,724,337.0
ENOG411DYN4,1,1,20,70,82,89,95,102,111,329,364,617,677,737,798,858,918,979,1039,338.0
ENOG411E4HU,1,1,20,31,34,39,43,47,49,51,56,59,61,72,76,84,98,122,146,339.0
ENOG411EM33,1,1,20,31,34,39,43,47,372,413,455,502,545,597,648,700,755,810,867,340.0
ENOG411DQUH,1,1,20,31,66,72,77,81,87,93,104,108,114,132,140,156,173,207,236,341.0
ENOG411DW60,1,1,20,31,66,72,77,81,373,418,465,514,557,613,665,718,775,830,887,342.0
ENOG411DSCT,1,1,79,118,141,149,168,184,207,231,257,282,304,339,371,411,452,501,549,343.0
ENOG411DTK4,1,1,79,118,141,149,168,184,401,456,511,566,623,683,739,798,856,917,977,344.0
ENOG411DRR5,1,1,26,40,44,49,53,57,60,62,68,71,75,89,95,107,122,149,174,345.0
ENOG411E2DK,1,1,26,40,44,49,53,57,60,415,459,506,549,605,656,708,764,819,876,346.0
ENOG411DPZ8,1,1,60,96,115,122,133,144,161,174,194,208,223,254,278,309,343,388,432,347.0
ENOG411DZHJ,1,1,60,96,115,122,133,366,423,480,536,594,652,712,771,831,891,952,1012,348.0
ENOG411E0MK,1,1,106,159,193,216,245,414,474,534,594,654,714,774,835,895,955,1016,1076,349.0
ENOG411DSQC,1,1,106,159,193,216,245,269,303,338,374,409,447,491,532,580,630,685,741,350.0
ENOG411DYS7,1,1,106,159,193,216,245,413,473,533,593,653,713,773,834,894,954,1015,1075,351.0
ENOG411DW4I,1,1,11,18,20,22,24,27,27,29,32,34,34,39,42,49,58,78,94,352.0
ENOG411DTEX,1,1,11,18,20,22,24,27,27,29,57,60,63,105,112,126,141,173,200,353.0
ENOG411DWT1,1,1,11,18,20,22,24,27,27,29,57,60,63,74,78,86,100,124,148,354.0
ENOG411DXHQ,1,1,11,18,20,22,24,27,27,29,57,60,63,598,649,701,756,811,868,355.0
ENOG411DS61,1,1,11,19,21,23,143,154,172,192,218,236,252,285,314,348,387,433,478,356.0
ENOG411DYGY,1,1,11,19,21,23,25,28,28,30,33,204,219,250,274,302,335,378,422,357.0
ENOG411DZ83,1,1,11,19,21,23,25,28,28,30,33,35,592,652,708,765,823,880,937,358.0
ENOG411DU1C,1,1,11,19,21,23,25,28,28,30,33,35,35,56,59,66,77,98,118,359.0
ENOG411DSK2,1,1,11,19,21,23,25,28,28,30,33,35,35,40,43,50,59,79,95,360.0
ENOG411DTEY,1,1,11,19,21,23,25,28,28,30,33,35,35,40,43,50,251,290,326,361.0
ENOG411E587,1,1,18,28,31,280,330,378,436,494,552,610,669,729,789,849,909,970,1030,362.0
ENOG411DTWY,1,1,18,28,31,36,39,43,43,45,49,52,54,62,65,72,84,105,126,363.0
ENOG411DSAC,1,1,18,28,31,36,39,43,43,45,89,265,285,320,351,390,430,479,526,364.0
ENOG411DQRX,1,1,18,28,31,36,39,43,43,45,89,93,98,115,122,136,151,183,212,365.0
ENOG411DZBW,1,1,18,28,31,36,39,43,43,45,89,93,543,595,646,698,753,808,865,366.0
ENOG411DTAV,1,1,27,43,47,52,56,60,63,66,72,75,79,93,99,111,126,155,181,367.0
ENOG411DTHN,1,1,27,43,47,52,56,60,290,324,358,389,425,469,508,555,604,659,715,368.0
ENOG411DRMQ,1,1,27,55,62,68,123,133,149,160,179,191,206,236,258,284,316,359,400,369.0
ENOG411DR19,1,1,27,55,62,68,73,77,83,89,100,104,110,127,135,151,168,202,231,370.0
ENOG411DXIW,1,1,27,55,62,68,73,77,83,89,100,556,609,669,725,784,842,902,959,371.0
ENOG411DUMW,1,1,27,55,62,68,73,77,83,89,100,245,263,297,326,362,401,449,494,372.0
ENOG411DTRJ,1,1,27,55,62,68,73,77,83,89,100,272,292,327,359,398,438,487,534,373.0
ENOG411DWUB,1,1,48,79,93,100,106,115,127,136,151,161,176,205,223,245,274,313,352,374.0
ENOG411DR30,1,1,48,79,93,100,106,162,180,201,227,247,265,299,328,364,403,451,496,375.0
ENOG411DZEM,1,1,3,152,184,202,327,375,433,491,549,607,666,726,786,846,906,967,1027,376.0
ENOG411DTHG,1,1,3,152,184,202,228,249,280,313,345,376,412,456,494,541,589,644,700,377.0
ENOG411DTYZ,1,1,3,152,184,202,228,249,280,313,555,613,673,733,793,853,913,974,1034,378.0
ENOG411DSDQ,1,1,3,47,91,98,104,113,124,132,146,154,169,196,214,236,264,303,342,379.0
ENOG411DQF6,1,1,3,47,104,111,118,128,144,154,170,182,197,226,247,272,303,344,384,380.0
ENOG411DVP6,1,1,3,47,230,271,314,358,414,471,527,582,640,700,759,819,878,939,999,381.0
ENOG411DWDK,1,1,3,47,52,277,324,371,428,486,543,601,660,720,779,839,899,960,1020,382.0
ENOG411DVDX,1,1,3,47,52,58,213,232,262,294,325,355,389,432,469,514,562,616,669,383.0
ENOG411DWJR,1,1,3,47,52,58,213,232,262,481,537,595,653,713,772,832,892,953,1013,384.0
ENOG411DTGU,1,1,3,47,52,58,63,67,72,75,82,85,89,104,111,124,139,170,197,385.0
ENOG411DQSW,1,1,3,47,52,58,63,67,72,131,145,153,168,195,213,235,262,301,340,386.0
ENOG411DR38,1,1,3,47,52,58,63,67,72,273,302,327,358,400,437,481,528,581,632,387.0
ENOG411DUEF,1,1,3,72,84,210,238,261,294,328,363,394,431,475,516,563,612,667,723,388.0
ENOG411DQDU,1,1,3,72,84,91,97,104,114,121,135,143,157,181,198,220,244,283,319,389.0
ENOG411DR3G,1,1,3,72,84,91,97,104,114,121,135,496,536,586,635,686,740,795,851,390.0
ENOG411DW34,1,1,3,72,84,91,97,177,200,224,250,274,294,329,361,400,440,489,536,391.0
ENOG411DX3S,1,1,3,72,84,91,97,177,200,224,250,528,574,632,687,742,799,854,911,392.0
ENOG411E3EP,1,1,3,4,5,5,5,6,6,7,7,7,7,8,38,44,53,72,87,393.0
ENOG411E45F,1,1,3,4,5,5,5,6,6,7,7,7,7,8,38,44,53,72,87,394.0
ENOG411E3TD,1,1,3,4,5,5,5,6,6,7,7,7,7,8,9,11,38,53,62,395.0
ENOG411EMAF,1,1,3,4,5,5,5,6,6,7,7,7,7,8,9,11,38,53,855,396.0
ENOG411DTWG,1,1,3,4,5,5,5,6,6,7,7,7,7,8,9,11,14,22,26,397.0
ENOG411E3B3,1,1,3,4,5,5,5,6,6,7,7,7,7,8,9,11,14,35,42,398.0
ENOG411DRBH,1,1,3,39,43,48,159,173,196,218,244,267,287,322,354,393,433,482,529,399.0
ENOG411DRV3,1,1,3,39,43,48,52,56,59,61,67,70,74,87,93,104,119,146,171,400.0
ENOG411DTI9,1,1,3,39,43,48,52,56,59,61,67,70,74,604,655,707,763,818,875,401.0
ENOG411DQ65,1,1,3,26,222,257,294,325,365,403,445,490,529,579,628,679,733,788,844,402.0
ENOG411DTX8,1,1,3,26,29,300,359,417,477,537,597,658,718,778,839,899,959,1020,1080,403.0
ENOG411DVA1,1,1,3,26,29,261,300,335,381,431,481,532,579,639,694,750,807,864,921,404.0
ENOG411DQD6,1,1,3,26,29,34,235,257,288,322,356,387,423,467,506,553,602,657,713,405.0
ENOG411DU9U,1,1,3,26,29,34,235,257,288,322,356,443,482,529,575,626,680,735,791,406.0
ENOG411DQJJ,1,1,3,26,29,34,37,88,95,102,114,118,130,151,160,178,199,235,269,407.0
ENOG411DR9R,1,1,3,26,29,34,37,88,95,102,418,461,500,549,596,647,701,756,812,408.0
ENOG411DSI3,1,1,3,26,29,34,37,41,41,79,88,92,97,114,121,135,150,182,211,409.0
ENOG411DRI9,1,1,3,26,29,34,37,41,41,79,88,92,158,182,199,221,245,284,320,410.0
ENOG411DPX6,1,1,3,26,29,34,37,41,41,43,47,49,50,58,61,68,80,101,121,411.0
ENOG411EMRH,1,1,3,26,29,34,37,41,41,43,47,500,542,594,645,697,752,807,864,412.0
ENOG411DQX2,1,1,4,142,172,184,206,224,253,285,315,344,376,418,455,500,547,600,652,413.0
ENOG411DSRM,1,1,4,142,172,184,206,362,419,476,532,590,648,708,767,827,886,947,1007,414.0
ENOG411DXFV,1,1,4,49,229,270,313,357,413,470,526,581,639,699,758,818,877,938,998,415.0
ENOG411DVWH,1,1,4,49,238,285,338,386,445,503,563,622,682,742,803,863,923,984,1044,416.0
ENOG411DZ5B,1,1,4,49,234,279,329,377,435,493,551,609,668,728,788,848,908,969,1029,417.0
ENOG411DRYS,1,1,4,49,154,165,185,201,227,257,284,309,336,373,410,452,497,548,598,418.0
ENOG411DZHF,1,1,4,49,154,165,185,201,227,314,346,377,413,457,495,542,591,646,702,419.0
ENOG411EM7W,1,1,4,49,154,165,185,201,227,314,346,377,670,730,790,850,910,971,1031,420.0
ENOG411DRN1,1,1,4,49,212,242,275,304,342,378,417,460,499,548,595,646,700,755,811,421.0
ENOG411DRSK,1,1,4,49,177,191,215,234,264,297,328,358,393,436,473,518,566,620,674,422.0
ENOG411DTWN,1,1,4,49,185,203,229,251,282,316,350,381,417,461,500,547,596,651,707,423.0
ENOG411DWJQ,1,1,4,49,138,146,164,180,203,227,253,277,298,333,365,405,445,494,542,424.0
ENOG411DURN,1,1,4,49,54,238,270,299,336,372,410,449,488,535,581,632,686,741,797,425.0
ENOG411DW6Z,1,1,4,49,54,303,363,424,484,544,604,665,725,785,846,906,966,1027,1087,426.0
ENOG411DPN8,1,1,4,49,54,77,82,86,136,145,161,172,187,216,236,260,291,331,371,427.0
ENOG411DU6W,1,1,4,49,54,77,82,86,93,150,166,178,193,222,242,267,298,338,378,428.0
ENOG411DY4N,1,1,4,49,54,77,82,86,93,100,112,116,128,149,158,176,197,233,266,429.0
ENOG411DZ5Q,1,1,4,49,54,77,82,86,93,100,159,170,185,214,233,257,287,327,366,430.0
ENOG411DQWD,1,1,4,49,54,77,82,86,93,100,175,187,202,232,253,278,309,351,392,431.0
ENOG411E6KU,1,1,4,49,54,77,82,86,93,100,175,187,301,336,368,408,449,498,546,432.0
ENOG411DQ1U,1,1,4,49,54,77,82,86,93,100,175,243,261,294,323,359,398,446,491,433.0
ENOG411EKY0,1,1,4,49,54,77,82,86,93,100,175,243,561,617,670,724,781,836,893,434.0
ENOG411DRYQ,1,1,4,49,54,60,65,174,197,219,245,268,288,323,355,394,434,483,530,435.0
ENOG411DRPK,1,1,4,49,54,60,65,174,197,219,245,339,370,412,449,494,541,594,646,436.0
ENOG411DWZN,1,1,4,49,54,60,65,212,240,271,300,325,355,397,434,477,524,577,628,437.0
ENOG411DXVC,1,1,4,49,54,60,65,69,74,77,349,380,416,460,499,546,595,650,706,438.0
ENOG411DY12,1,1,4,49,54,60,65,69,74,77,84,87,120,139,333,369,408,456,502,439.0
ENOG411DT5Y,1,1,4,49,54,60,65,69,74,77,84,87,120,139,147,163,183,218,248,440.0
ENOG411DTYD,1,1,4,49,54,60,65,69,74,77,84,87,120,139,255,280,311,353,394,441.0
ENOG411DPRN,1,1,4,49,54,60,65,69,74,77,84,87,91,107,114,128,143,175,202,442.0
ENOG411EMKZ,1,1,4,49,54,60,65,69,74,77,84,87,586,646,702,759,817,874,931,443.0
ENOG411DSZM,1,1,4,49,54,60,65,69,74,88,370,403,441,485,526,574,624,679,735,444.0
ENOG411DYJC,1,1,4,49,54,60,65,69,74,88,492,543,595,655,711,769,827,887,944,445.0
ENOG411DT30,1,1,4,49,54,60,65,69,74,88,99,455,494,541,588,639,693,748,804,446.0
ENOG411DU0A,1,1,4,49,54,60,65,69,74,88,99,103,109,126,134,149,166,200,229,447.0
ENOG411DXFY,1,1,4,49,54,60,65,69,74,88,99,103,317,354,388,429,471,520,569,448.0
ENOG411DQ20,1,1,4,54,86,93,99,107,117,124,138,146,161,185,202,224,250,289,325,449.0
ENOG411DYYS,1,1,4,54,86,93,99,107,117,124,138,146,161,630,684,739,796,851,908,450.0
ENOG411DWM0,1,1,4,54,126,133,306,345,396,449,504,559,614,674,730,789,847,908,966,451.0
ENOG411DZJB,1,1,4,54,126,133,146,158,176,197,223,241,259,292,321,355,394,441,486,452.0
ENOG411DS7N,1,1,4,54,126,133,146,158,176,197,223,241,272,306,336,373,412,460,506,453.0
ENOG411DQBR,1,1,4,54,61,67,72,76,354,390,431,474,513,563,610,661,715,770,826,454.0
ENOG411DT28,1,1,4,54,61,67,72,76,81,86,97,101,107,124,132,147,164,198,227,455.0
ENOG411DT8S,1,1,4,54,61,67,72,76,81,86,97,129,141,163,177,197,219,256,291,456.0
ENOG411DSYI,1,1,4,54,61,67,72,76,81,135,294,319,349,390,427,470,517,570,621,457.0
ENOG411DPZR,1,1,4,54,61,67,72,76,81,135,150,160,175,204,222,244,273,312,351,458.0
ENOG411DS4I,1,1,4,54,61,67,72,76,81,135,150,162,177,206,224,246,275,314,353,459.0
ENOG411DXT1,1,1,4,54,61,67,72,76,81,135,150,162,177,206,676,730,787,842,899,460.0
ENOG411DQME,1,1,4,54,60,66,71,110,121,128,142,150,165,190,208,230,257,296,334,461.0
ENOG411DR1Y,1,1,4,54,60,66,71,110,121,266,295,320,350,391,428,471,518,571,622,462.0
ENOG411DQBZ,1,1,4,54,60,66,71,75,80,176,197,211,314,351,384,424,466,515,563,463.0
ENOG411DUXD,1,1,4,54,60,66,71,75,80,176,197,211,226,257,281,312,347,393,437,464.0
ENOG411DYFA,1,1,4,54,60,66,71,75,80,176,197,211,226,257,281,768,826,886,943,465.0
ENOG411DTC6,1,1,4,54,60,66,71,75,80,85,414,456,495,542,589,640,694,749,805,466.0
ENOG411DTNM,1,1,4,54,60,66,71,75,80,85,96,249,267,301,330,366,405,453,498,467.0
ENOG411E17D,1,1,4,54,60,66,71,75,80,85,96,100,105,637,692,748,805,861,918,468.0
ENOG411DPWH,1,1,4,54,60,66,71,75,80,85,96,100,105,122,130,145,162,196,225,469.0
ENOG411DSI8,1,1,4,54,60,66,71,75,80,85,96,100,105,122,173,193,215,251,286,470.0
ENOG411DZ7Y,1,1,4,54,60,66,71,75,80,85,96,100,105,122,482,527,575,630,684,471.0
ENOG411DRZA,1,1,4,151,183,200,226,246,276,309,341,372,408,452,490,536,584,639,694,472.0
ENOG411DPQC,1,1,4,41,218,251,287,318,358,394,435,478,517,567,614,665,719,774,830,473.0
ENOG411DU01,1,1,4,41,176,190,212,231,261,293,324,354,388,431,468,513,561,615,668,474.0
ENOG411DTP0,1,1,4,41,45,201,227,248,278,311,343,374,410,454,492,538,586,641,697,475.0
ENOG411DT2D,1,1,4,41,45,211,239,263,296,331,366,397,434,478,519,567,616,671,727,476.0
ENOG411DTHH,1,1,4,41,45,197,221,241,271,304,336,367,402,445,483,528,576,631,685,477.0
ENOG411DTD7,1,1,4,41,45,286,339,387,446,504,564,623,683,743,804,864,924,985,1045,478.0
ENOG411DWDP,1,1,4,41,45,50,333,381,440,498,557,615,675,735,795,855,915,976,1036,479.0
ENOG411DWZB,1,1,4,41,45,50,319,365,422,479,535,593,651,711,770,830,890,951,1011,480.0
ENOG411EM7X,1,1,4,41,45,50,305,344,394,447,501,555,608,668,724,783,841,901,958,481.0
ENOG411DV6Q,1,1,4,41,45,50,54,336,383,433,483,534,581,641,696,752,809,866,923,482.0
ENOG411DW3D,1,1,4,41,45,50,54,58,71,74,134,142,156,180,197,219,243,282,318,483.0
ENOG411DTS6,1,1,4,41,45,50,54,58,71,74,81,84,88,103,109,121,136,167,194,484.0
ENOG411DWI8,1,1,4,41,45,50,54,58,71,74,81,84,88,103,272,300,333,376,418,485.0
ENOG411DT0M,1,1,4,41,45,50,54,58,71,74,81,91,96,131,139,155,172,206,235,486.0
ENOG411EKSI,1,1,4,41,45,50,54,58,71,74,81,91,96,131,664,717,774,829,886,487.0
ENOG411DS1X,1,1,4,41,45,50,54,58,71,74,81,91,96,112,119,133,148,180,208,488.0
ENOG411DT9P,1,1,4,41,45,50,54,58,71,74,81,91,96,112,151,168,188,223,256,489.0
ENOG411DRBE,1,1,4,41,45,50,54,58,61,170,189,418,456,500,542,590,640,695,751,490.0
ENOG411DTGI,1,1,4,41,45,50,54,58,61,170,189,201,216,247,270,298,331,374,416,491.0
ENOG411DVCN,1,1,4,41,45,50,54,58,61,170,189,201,216,247,310,344,383,429,474,492.0
ENOG411DUU7,1,1,4,41,45,50,54,58,61,63,69,72,254,287,316,350,389,436,481,493.0
ENOG411DQK4,1,1,4,41,45,50,54,58,61,63,69,72,76,90,96,108,123,150,175,494.0
ENOG411DXJ5,1,1,4,41,45,50,54,58,61,63,69,72,76,90,96,305,338,382,426,495.0
ENOG411DY70,1,1,4,41,45,50,54,58,61,63,87,90,282,317,347,386,426,474,521,496.0
ENOG411DUK0,1,1,4,41,45,50,54,58,61,63,87,90,255,288,317,351,390,437,482,497.0
ENOG411DQ5U,1,1,4,41,45,50,54,58,61,63,87,90,95,111,118,132,147,179,207,498.0
ENOG411DWEC,1,1,4,41,45,50,54,58,61,63,87,90,95,187,205,227,254,293,329,499.0
ENOG411DXBJ,1,1,4,145,175,189,211,230,259,291,322,352,386,429,466,511,559,613,666,500.0
ENOG411DURR,1,1,4,145,175,189,211,259,292,326,360,391,428,472,511,558,607,662,718,501.0
ENOG411DUTE,1,1,4,95,114,121,132,142,159,172,192,205,220,251,275,303,336,380,424,502.0
ENOG411DYXP,1,1,4,95,114,121,132,339,386,438,491,542,593,653,709,766,824,881,938,503.0
ENOG411DVUV,1,1,4,9,113,120,131,141,158,171,190,202,217,248,271,299,332,375,417,504.0
ENOG411DUIX,1,1,4,9,237,284,337,385,444,502,562,621,681,741,802,862,922,983,1043,505.0
ENOG411DY3T,1,1,4,9,231,274,317,361,418,475,531,589,647,707,766,826,885,946,1006,506.0
ENOG411EM3Z,1,1,4,9,11,289,344,396,456,516,576,636,696,756,817,877,937,998,1058,507.0
ENOG411DUDG,1,1,4,9,11,276,323,370,427,485,542,600,659,719,778,838,898,959,1019,508.0
ENOG411DQJ8,1,1,4,9,11,12,14,17,17,19,21,399,436,480,521,569,619,674,730,509.0
ENOG411DSBH,1,1,4,9,11,12,14,17,17,19,21,23,116,134,142,158,176,210,239,510.0
ENOG411DTI1,1,1,4,9,11,12,14,17,17,19,21,23,116,152,161,179,200,236,270,511.0
ENOG411DV2G,1,1,4,9,11,12,14,17,17,19,21,23,23,113,120,134,149,181,210,512.0
ENOG411DTFF,1,1,4,9,11,12,14,17,17,19,21,23,23,113,189,209,232,270,305,513.0
ENOG411DQBP,1,1,4,9,11,12,14,17,17,19,21,23,23,26,28,32,41,57,66,514.0
ENOG411DURZ,1,1,4,9,11,12,14,17,17,19,21,23,23,86,172,192,214,250,285,515.0
ENOG411E2TI,1,1,4,9,11,12,14,17,17,19,21,23,23,86,698,754,811,868,925,516.0
ENOG411DRGU,1,1,4,9,11,12,14,17,17,19,21,23,23,86,92,103,118,145,170,517.0
ENOG411DWME,1,1,4,9,11,12,14,17,17,19,21,23,23,86,92,103,158,192,221,518.0
ENOG411DSG2,1,1,4,9,11,12,14,17,45,47,51,253,271,305,335,372,411,459,505,519.0
ENOG411DZXU,1,1,4,9,11,12,14,17,45,47,51,253,271,526,571,622,674,729,785,520.0
ENOG411DS7V,1,1,4,9,11,12,14,17,45,47,51,54,56,66,70,77,90,112,133,521.0
ENOG411EM0F,1,1,4,9,11,12,14,17,45,47,51,54,654,714,773,833,893,954,1014,522.0
ENOG411EA4A,1,1,4,9,11,12,60,64,68,71,78,81,594,654,710,767,825,882,939,523.0
ENOG411DW70,1,1,4,9,11,12,60,64,68,71,78,81,85,99,105,117,132,163,189,524.0
ENOG411E42C,1,1,4,9,11,12,60,64,68,71,78,81,85,99,105,710,766,821,878,525.0
ENOG411DX1G,1,1,4,9,11,12,60,89,96,103,115,119,131,153,162,180,201,237,272,526.0
ENOG411DZNJ,1,1,4,9,11,12,60,89,128,137,490,541,590,650,706,763,821,878,935,527.0
ENOG411DQM7,1,1,4,9,11,12,60,89,128,137,152,163,178,207,225,248,277,317,356,528.0
ENOG411DZH4,1,1,4,9,11,12,60,89,128,137,152,163,232,263,288,320,355,401,445,529.0
ENOG411DVK3,1,1,21,32,35,40,44,48,50,65,71,74,78,92,98,110,125,152,178,530.0
ENOG411DRC7,1,1,21,32,35,40,44,48,50,52,58,61,64,75,79,88,102,126,150,531.0
ENOG411DXNG,1,1,21,32,35,40,44,48,50,52,58,61,64,75,79,88,102,126,150,532.0
ENOG411E6GM,1,1,30,48,236,283,334,382,441,499,558,616,676,736,797,857,917,978,1038,533.0
ENOG411DS7C,1,1,30,48,165,176,197,215,243,275,305,330,361,403,440,484,531,584,635,534.0
ENOG411DXER,1,1,30,48,53,161,181,197,306,341,377,412,450,494,535,583,633,688,744,535.0
ENOG411E5H8,1,1,30,48,53,161,181,197,223,253,559,618,678,738,799,859,919,980,1040,536.0
ENOG411DV6D,1,1,30,48,53,161,181,197,223,253,279,304,330,367,404,446,490,541,591,537.0
ENOG411DWUV,1,1,30,48,53,161,181,197,223,253,279,451,490,537,583,634,688,743,799,538.0
ENOG411DYJR,1,1,30,48,53,241,274,303,341,377,416,459,498,547,594,645,699,754,810,539.0
ENOG411E1HV,1,1,30,48,53,59,64,68,73,76,361,392,429,473,513,560,609,664,720,540.0
ENOG411DTC1,1,1,30,48,53,59,64,68,73,76,347,378,414,458,497,544,593,648,704,541.0
ENOG411E0PG,1,1,30,48,53,59,64,68,73,76,83,86,90,171,186,206,228,266,301,542.0
ENOG411DY10,1,1,30,48,53,59,64,68,73,76,83,86,90,106,113,127,142,174,201,543.0
ENOG411DW17,1,1,30,48,53,59,64,68,73,76,83,86,90,106,113,127,177,211,240,544.0
ENOG411DYT8,1,1,30,48,53,59,134,145,162,251,277,302,328,365,401,443,486,537,586,545.0
ENOG411DU4F,1,1,30,48,53,59,134,145,162,177,398,434,472,518,562,611,662,717,773,546.0
ENOG411DYSX,1,1,30,48,53,59,134,145,162,177,198,212,227,258,282,313,348,394,438,547.0
ENOG411E046,1,1,30,48,53,59,134,145,162,177,198,212,227,295,324,360,399,447,492,548.0
ENOG411DQ3B,1,1,30,48,53,59,134,145,162,177,198,338,369,411,448,493,540,593,644,549.0
ENOG411E56X,1,1,30,48,53,59,134,145,162,177,198,338,439,483,524,572,622,677,733,550.0
ENOG411E3MU,1,1,30,129,155,166,186,202,228,258,285,310,337,374,411,453,498,549,599,551.0
ENOG411E58S,1,1,30,129,155,166,186,354,406,462,518,573,631,691,748,807,866,927,987,552.0
ENOG411E4MF,1,1,30,77,90,247,283,314,352,388,428,471,510,560,607,658,712,767,823,553.0
ENOG411DPVJ,1,1,30,77,90,97,241,265,298,333,368,401,438,482,523,571,621,676,732,554.0
ENOG411E3XS,1,1,30,77,90,97,103,112,123,190,213,228,244,277,303,336,374,420,464,555.0
ENOG411E3WK,1,1,30,77,90,97,103,112,123,190,213,228,244,277,303,336,374,564,615,556.0
ENOG411DWFI,1,1,30,77,90,97,103,112,123,130,205,219,235,266,402,444,487,538,588,557.0
ENOG411DRA4,1,1,30,77,90,97,103,112,123,130,205,219,235,266,292,324,359,405,449,558.0
ENOG411DR5P,1,1,30,77,90,97,103,112,123,130,205,219,235,266,292,324,363,409,453,559.0
ENOG411E0FE,1,1,30,77,90,97,103,112,123,130,144,152,344,385,422,465,512,565,616,560.0
ENOG411E3XN,1,1,30,77,90,97,103,112,123,130,144,152,344,385,545,593,643,698,754,561.0
ENOG411E5IG,1,1,30,77,90,97,103,112,123,130,144,152,344,385,685,740,797,852,909,562.0
ENOG411DXZJ,1,1,30,77,90,97,103,112,123,130,144,152,167,194,212,234,261,300,339,563.0
ENOG411DSTZ,1,1,30,77,90,97,103,112,123,130,144,152,167,200,218,240,269,308,347,564.0
ENOG411E5R3,1,1,52,108,130,137,150,171,194,216,242,264,284,319,350,389,429,477,524,565.0
ENOG411DS85,1,1,52,108,130,137,150,171,194,216,242,264,335,372,409,451,495,546,596,566.0
ENOG411E3C3,1,1,52,108,130,137,150,163,181,202,228,248,266,300,329,365,404,452,497,567.0
ENOG411E5W0,1,1,52,108,130,137,150,163,181,202,487,538,585,645,701,758,816,873,930,568.0
ENOG411DPZ6,1,1,52,87,149,158,178,194,219,245,271,296,322,359,393,435,478,527,576,569.0
ENOG411E7M0,1,1,52,87,103,156,175,191,215,241,267,292,316,353,387,428,470,519,568,570.0
ENOG411DV3F,1,1,52,87,103,244,278,308,346,382,422,465,504,553,600,651,705,760,816,571.0
ENOG411E5ET,1,1,52,87,103,110,117,127,143,153,169,181,196,225,245,270,301,342,382,572.0
ENOG411DV16,1,1,52,87,103,110,117,127,143,153,215,231,247,280,306,339,378,424,469,573.0
ENOG411DT41,1,1,52,87,103,110,117,127,190,211,237,259,278,312,342,380,420,468,515,574.0
ENOG411DQ1W,1,1,52,87,103,110,117,127,210,235,261,286,308,344,376,416,457,506,554,575.0
ENOG411DZWN,1,1,5,10,12,13,15,18,18,20,330,360,395,438,475,520,568,622,676,576.0
ENOG411DUJ0,1,1,5,10,12,13,15,18,18,20,22,24,24,27,29,33,42,58,68,577.0
ENOG411DSM6,1,1,5,10,12,13,15,18,18,20,22,24,24,27,29,33,42,58,68,578.0
ENOG411DQ7Y,1,1,1,63,73,80,85,92,101,108,120,125,137,159,170,190,212,248,283,579.0
ENOG411DRZJ,1,1,1,63,73,80,85,92,376,422,470,519,564,620,673,727,784,839,896,580.0
ENOG411DUJW,1,1,1,63,171,183,204,222,250,282,312,340,371,413,450,495,542,595,647,581.0
ENOG411DWT6,1,1,1,63,171,183,204,342,391,443,497,551,604,664,720,779,837,897,954,582.0
ENOG411DWXK,1,1,1,62,72,79,84,90,97,104,402,438,476,522,567,616,668,723,779,583.0
ENOG411DUAN,1,1,1,62,72,79,84,90,97,104,116,120,132,154,163,181,202,238,273,584.0
ENOG411DS98,1,1,1,62,72,79,84,90,97,104,116,120,154,178,195,217,241,280,315,585.0
ENOG411DXV0,1,1,1,62,72,79,84,90,97,104,116,120,563,619,672,726,783,838,895,586.0
ENOG411DR9B,1,1,1,62,166,188,210,229,258,290,321,351,383,426,463,508,556,609,662,587.0
ENOG411DUEC,1,1,1,62,166,188,210,229,258,290,321,585,643,703,762,822,881,942,1002,588.0
ENOG411DUDA,1,1,1,62,166,177,198,216,244,276,306,331,362,404,441,485,532,585,636,589.0
ENOG411DSYX,1,1,1,62,166,177,198,216,244,407,449,494,534,584,633,684,738,793,849,590.0
ENOG411DW0F,1,1,1,115,137,302,362,423,483,543,603,664,724,784,845,905,965,1026,1086,591.0
ENOG411E379,1,1,1,115,137,145,163,179,202,226,252,276,297,332,364,404,444,493,541,592.0
ENOG411DQU3,1,1,1,115,137,145,163,225,254,286,316,345,377,419,456,501,548,601,653,593.0
ENOG411DU1W,1,1,1,38,241,297,354,408,468,528,588,648,708,768,829,889,949,1010,1070,594.0
ENOG411DPN9,1,1,1,38,42,253,290,321,361,397,439,484,523,573,620,671,725,780,836,595.0
ENOG411DQQ7,1,1,1,38,42,252,288,319,359,395,436,479,518,568,615,666,720,775,831,596.0
ENOG411DRXF,1,1,1,38,42,248,284,315,355,391,432,475,514,564,611,662,716,771,827,597.0
ENOG411DQIR,1,1,1,38,42,192,216,235,265,298,329,359,394,437,474,519,567,621,675,598.0
ENOG411E5XH,1,1,1,38,42,269,312,355,410,467,523,578,636,696,754,814,873,934,994,599.0
ENOG411DSMW,1,1,1,38,42,47,51,55,58,60,121,127,139,161,175,195,217,253,288,600.0
ENOG411DT2C,1,1,1,38,42,47,51,55,58,60,121,127,139,382,419,461,507,559,609,601.0
ENOG411DSYW,1,1,1,38,42,47,51,55,58,60,66,69,73,85,91,102,117,144,169,602.0
ENOG411DVWI,1,1,1,38,42,47,51,55,58,60,66,69,127,242,265,292,324,367,409,603.0
ENOG411DUDE,1,1,1,38,42,47,51,55,58,60,66,69,127,147,156,174,195,230,263,604.0
ENOG411DSA3,1,1,1,38,42,47,51,55,58,60,66,69,127,147,308,341,380,426,471,605.0
ENOG411DU1E,1,1,1,38,42,47,51,55,58,223,249,273,348,389,426,469,516,569,620,606.0
ENOG411DTED,1,1,1,38,42,47,51,55,58,223,249,273,293,328,360,399,439,488,535,607.0
ENOG411DU04,1,1,1,38,42,47,51,55,58,223,249,273,293,396,433,476,523,576,627,608.0
ENOG411DU8W,1,1,1,38,42,47,51,55,58,167,186,198,213,244,267,294,326,369,411,609.0
ENOG411DYXS,1,1,1,38,42,47,51,55,58,167,186,198,587,647,703,760,818,875,932,610.0
ENOG411DSDH,1,1,1,109,131,138,151,164,182,203,229,250,268,302,331,367,406,454,500,611.0
ENOG411DSN5,1,1,1,109,131,138,151,164,182,203,229,250,268,302,331,367,406,454,500,612.0
ENOG411DUPB,1,1,1,141,170,182,203,221,249,281,311,337,368,410,447,491,538,591,642,613.0
ENOG411DXXV,1,1,1,141,170,182,203,312,350,386,426,469,508,558,605,656,710,765,821,614.0
ENOG411DXY8,1,1,1,52,59,65,322,369,426,484,541,599,658,718,777,837,897,958,1018,615.0
ENOG411DVVX,1,1,1,52,59,65,70,74,79,84,95,99,104,121,129,144,161,195,224,616.0
ENOG411DWEY,1,1,1,52,59,65,70,74,79,84,95,99,104,121,496,543,592,647,703,617.0
ENOG411DTCI,1,1,1,52,59,65,70,74,98,105,117,121,133,155,164,384,424,472,519,618.0
ENOG411DS4D,1,1,1,52,59,65,70,74,98,105,117,121,133,155,164,182,447,496,544,619.0
ENOG411DRTP,1,1,1,52,59,65,70,74,98,105,117,121,133,155,164,182,203,239,274,620.0
ENOG411DQXP,1,1,1,52,59,65,70,74,98,105,117,121,133,155,164,182,203,277,312,621.0
ENOG411DRK2,1,1,1,52,59,65,70,74,98,105,117,159,174,202,220,242,462,511,559,622.0
ENOG411DVX6,1,1,1,52,59,65,70,74,98,105,117,159,174,202,220,242,271,310,349,623.0
ENOG411DWBJ,1,1,1,52,59,65,70,74,98,105,117,159,174,202,220,242,376,422,466,624.0
ENOG411DT1R,1,1,1,52,59,65,70,74,98,105,117,159,174,203,291,323,358,404,448,625.0
ENOG411DTU6,1,1,1,52,59,65,70,74,98,105,117,159,174,203,221,283,314,357,398,626.0
ENOG411DQAY,1,1,1,52,59,65,70,74,98,105,117,159,174,203,221,243,496,547,597,627.0
ENOG411DQDB,1,1,1,52,59,65,70,74,98,105,117,159,174,203,221,243,272,311,350,628.0
ENOG411E670,1,1,1,52,59,65,70,74,98,105,117,159,174,203,221,243,345,906,963,629.0
ENOG411DYB8,1,1,1,52,59,65,70,74,98,105,117,159,174,203,221,243,345,390,434,630.0
ENOG411E4Z0,1,1,1,52,59,65,70,74,98,105,117,159,174,203,221,243,345,390,564,631.0
ENOG411E4CS,1,1,1,52,59,65,70,74,98,105,117,159,174,203,221,266,501,552,602,632.0
ENOG411DVRM,1,1,1,52,59,65,70,74,98,105,117,159,174,203,221,266,510,562,612,633.0
ENOG411DV5B,1,1,1,52,59,65,70,74,98,105,117,159,174,203,221,266,297,478,525,634.0
ENOG411DZIP,1,1,1,52,59,65,70,74,98,105,117,159,174,203,221,266,297,478,587,635.0
ENOG411DU9B,1,1,1,52,59,65,70,74,98,105,117,159,174,203,221,266,297,532,581,636.0
ENOG411DRVF,1,1,1,52,59,65,70,74,98,105,117,159,174,203,221,266,297,379,423,637.0
ENOG411DSGY,1,1,1,52,59,65,70,74,98,105,117,159,174,203,221,266,297,337,377,638.0
ENOG411DVTF,1,1,1,52,59,65,70,74,98,105,117,159,174,203,221,266,297,337,660,639.0
ENOG411DVSJ,1,1,1,52,240,291,346,398,458,518,578,638,698,758,819,879,939,1000,1060,640.0
ENOG411DQ18,1,1,1,52,57,63,153,166,187,208,234,256,275,309,339,377,417,465,512,641.0
ENOG411E4YI,1,1,1,52,57,63,307,347,398,451,506,561,618,678,734,793,851,912,971,642.0
ENOG411DQ82,1,1,1,52,57,63,68,72,77,191,217,235,251,284,312,346,385,431,476,643.0
ENOG411DUV6,1,1,1,52,57,63,68,72,77,81,191,203,218,249,273,301,334,377,419,644.0
ENOG411DR15,1,1,1,52,57,63,68,72,77,81,91,222,238,270,296,328,365,411,455,645.0
ENOG411E343,1,1,1,52,57,63,68,72,77,81,91,222,238,270,540,588,638,693,749,646.0
ENOG411E4UU,1,1,1,52,57,63,68,72,77,81,91,656,716,776,837,897,957,1018,1078,647.0
ENOG411DVCK,1,1,1,52,57,63,68,72,77,81,91,95,100,342,374,414,455,504,552,648.0
ENOG411DV6W,1,1,1,52,57,63,68,72,77,81,91,95,100,117,349,388,428,476,523,649.0
ENOG411DUBS,1,1,1,52,57,63,68,72,77,81,91,95,100,117,124,138,153,185,214,650.0
ENOG411DQ11,1,1,1,52,57,63,68,72,77,81,91,95,100,117,124,371,410,458,504,651.0
ENOG411DR5H,1,1,1,52,57,63,68,72,77,81,91,95,100,117,124,250,279,319,358,652.0
ENOG411E42K,1,1,1,52,57,63,68,72,77,81,91,95,100,117,124,772,830,890,947,653.0
ENOG411DWT9,1,1,1,52,57,63,68,72,77,81,91,95,126,378,415,457,503,555,605,654.0
ENOG411DSCA,1,1,1,52,57,63,68,72,77,81,91,95,126,146,155,173,194,229,262,655.0
ENOG411DUP9,1,1,1,52,57,63,68,72,77,81,91,95,126,146,155,565,614,669,725,656.0
ENOG411DU7A,1,1,1,12,14,15,17,20,20,22,287,312,339,376,413,455,500,551,601,657.0
ENOG411DUX7,1,1,1,12,14,15,17,20,20,22,25,27,27,30,32,36,45,61,74,658.0
ENOG411DVWN,1,1,1,12,14,15,17,20,20,22,25,27,27,590,640,691,746,801,858,659.0
ENOG411DWFM,1,1,1,57,64,70,303,340,388,440,494,546,598,658,714,773,831,891,948,660.0
ENOG411DXUJ,1,1,1,57,64,70,75,79,85,400,442,487,526,576,624,675,729,784,840,661.0
ENOG411DV4V,1,1,1,57,64,70,75,79,85,91,102,106,112,129,137,153,170,204,233,662.0
ENOG411DU75,1,1,1,57,64,70,75,79,85,91,102,106,150,174,190,210,234,272,307,663.0
ENOG411DPRQ,1,1,1,73,85,92,98,105,115,122,136,144,159,183,200,222,248,287,323,664.0
ENOG411DSNA,1,1,1,73,85,92,98,334,379,426,476,526,572,629,683,738,795,850,907,665.0
ENOG411DQKG,1,1,1,73,147,155,174,190,214,240,266,291,315,352,385,425,467,516,565,666.0
ENOG411DSE5,1,1,1,73,147,155,174,353,405,460,515,570,627,687,743,802,861,922,982,667.0
ENOG411DW02,1,1,1,8,9,10,12,388,447,505,565,624,684,744,805,865,925,986,1046,668.0
ENOG411DS2S,1,1,1,8,9,10,12,15,15,17,18,20,20,23,25,27,34,49,58,669.0
ENOG411DTI3,1,1,1,8,9,10,12,15,15,410,452,498,539,589,639,690,745,800,857,670.0
ENOG411DR1N,1,1,1,29,159,170,190,206,232,262,290,315,343,384,421,464,511,563,613,671.0
ENOG411DSC2,1,1,1,29,99,106,112,121,137,146,162,173,188,217,237,261,292,332,372,672.0
ENOG411DQBV,1,1,1,29,99,106,112,121,137,146,162,447,486,533,579,630,684,739,795,673.0
ENOG411DQTE,1,1,1,29,99,106,167,183,206,230,256,281,303,338,370,410,451,500,548,674.0
ENOG411DRM7,1,1,1,29,99,106,167,183,206,230,256,398,435,479,520,568,617,672,728,675.0
ENOG411DUVZ,1,1,1,29,99,106,167,183,289,323,357,388,424,468,507,554,603,658,714,676.0
ENOG411DXH2,1,1,1,29,99,106,167,183,289,323,357,584,642,702,761,821,880,941,1001,677.0
ENOG411DRIZ,1,1,1,29,32,236,268,297,333,369,407,445,484,531,577,628,682,737,793,678.0
ENOG411DS5J,1,1,1,29,32,298,357,412,472,532,592,652,712,772,833,893,953,1014,1074,679.0
ENOG411DS7T,1,1,1,29,32,37,41,45,300,335,371,404,442,486,527,575,625,680,736,680.0
ENOG411DRKQ,1,1,1,29,32,37,41,45,47,49,54,57,106,123,131,146,163,197,226,681.0
ENOG411DTHX,1,1,1,29,32,37,41,45,47,49,54,57,72,84,89,100,115,142,167,682.0
ENOG411DXKS,1,1,1,29,32,37,41,45,47,49,54,57,59,602,653,705,761,816,873,683.0
ENOG411DPRW,1,1,1,29,32,37,41,45,47,49,54,57,59,70,74,82,95,119,143,684.0
ENOG411DT08,1,1,1,29,32,37,41,45,47,49,54,57,59,70,179,199,221,258,293,685.0
ENOG411DRS9,1,1,1,29,32,37,41,45,89,95,106,110,117,136,144,160,179,213,242,686.0
ENOG411DS05,1,1,1,29,32,37,41,45,89,95,106,480,519,569,616,667,721,776,832,687.0
ENOG411DQHS,1,1,1,177,215,246,282,313,351,387,427,470,509,559,606,657,711,766,822,688.0
ENOG411DX3N,1,1,1,177,215,246,328,376,434,492,550,608,667,727,787,847,907,968,1028,689.0
ENOG411E2JF,1,1,1,175,211,239,271,300,337,373,411,450,489,536,582,633,687,742,798,690.0
ENOG411DWG8,1,1,1,175,211,239,281,311,349,385,425,468,507,556,603,654,708,763,819,691.0
ENOG411DU82,1,1,1,5,6,6,6,7,7,8,8,8,8,10,11,13,17,25,29,692.0
ENOG411DR3Z,1,1,1,5,6,6,6,7,7,8,8,8,8,9,10,12,16,24,28,693.0
ENOG411DSCF,1,1,1,5,6,6,6,7,7,8,8,8,8,9,10,12,16,24,28,694.0
ENOG411DY53,1,1,1,5,6,6,6,7,7,8,8,8,8,9,10,12,16,24,28,695.0
ENOG411DSF7,1,1,1,5,6,6,6,7,7,8,8,8,8,9,10,12,16,24,28,696.0
ENOG411DXM6,1,1,1,5,6,6,6,7,7,8,8,8,8,9,10,12,16,24,28,697.0
ENOG411DWJ3,1,1,1,5,6,6,6,7,7,8,8,8,8,9,10,12,16,24,28,698.0
ENOG411DWTJ,1,1,1,5,6,6,6,7,7,8,8,8,8,9,10,12,16,24,28,699.0
ENOG411DR1J,1,1,1,6,68,74,79,83,239,270,299,324,354,395,432,475,522,575,626,700.0
ENOG411DPVX,1,1,1,6,68,74,79,83,90,97,108,112,122,142,150,167,187,222,255,701.0
ENOG411DVKV,1,1,1,6,68,74,79,83,90,97,108,280,302,337,369,409,450,499,547,702.0
ENOG411DVVJ,1,1,1,6,68,74,79,83,90,97,108,280,302,546,593,644,698,753,809,703.0
ENOG411DQD5,1,1,1,6,7,8,10,12,12,14,14,15,15,17,19,21,27,38,46,704.0
ENOG411DRHX,1,1,1,6,7,8,10,12,12,14,14,15,403,446,484,529,577,632,686,705.0
ENOG411DQQW,1,1,1,6,7,8,40,44,46,48,52,55,57,67,169,188,210,246,281,706.0
ENOG411DT2Y,1,1,1,6,7,8,40,44,46,48,52,55,57,67,71,78,91,113,134,707.0
ENOG411EA7D,1,1,1,6,7,8,40,44,46,48,52,55,57,67,71,78,757,812,869,708.0
ENOG411DXSW,1,1,1,6,7,8,40,44,46,48,85,88,92,108,115,129,144,176,203,709.0
ENOG411DXDT,1,1,1,6,7,8,40,44,46,48,85,341,372,414,451,496,543,596,648,710.0
ENOG411DV73,1,1,1,15,41,46,50,54,57,59,65,68,71,83,88,98,113,140,165,711.0
ENOG411DXYX,1,1,1,15,41,46,50,54,57,59,65,68,71,601,652,704,760,815,872,712.0
ENOG411E15G,1,1,1,15,17,19,21,24,67,70,77,80,84,98,104,116,131,162,188,713.0
ENOG411E3BJ,1,1,1,15,17,19,21,24,67,70,77,80,84,98,641,692,747,802,859,714.0
ENOG411E2WJ,1,1,1,15,17,19,21,24,24,26,29,31,31,35,37,43,52,71,86,715.0
ENOG411E2QA,1,1,1,15,17,19,21,24,24,26,29,442,480,527,573,624,676,731,787,716.0
ENOG411DS9E,1,1,1,15,17,56,61,65,69,214,240,262,281,316,346,385,425,473,520,717.0
ENOG411DQ3S,1,1,1,15,17,56,61,65,69,72,79,82,86,100,106,118,133,164,190,718.0
ENOG411DTW6,1,1,1,15,17,56,61,65,69,72,79,175,190,219,239,263,294,334,374,719.0
ENOG411DXXG,1,1,1,15,17,18,20,23,23,398,440,485,524,574,622,673,727,782,838,720.0
ENOG411EDNY,1,1,1,15,17,18,20,23,23,417,464,512,555,611,662,715,772,827,884,721.0
ENOG411DPWT,1,1,1,15,17,18,20,23,23,25,28,30,30,33,35,40,49,67,80,722.0
ENOG411DTG7,1,1,1,15,17,18,20,23,23,25,28,30,30,141,149,166,186,221,254,723.0
ENOG411DUS5,1,1,1,15,17,18,20,23,23,25,28,30,94,110,117,131,146,178,205,724.0
ENOG411DT2P,1,1,1,15,17,18,20,23,23,25,28,30,62,73,110,123,138,169,196,725.0
ENOG411DVXP,1,1,1,15,17,18,20,23,23,25,28,30,62,73,77,85,99,123,147,726.0
ENOG411DX6W,1,1,1,15,17,18,20,23,23,25,28,30,62,73,77,617,669,724,780,727.0
ENOG411DR9Q,1,1,1,71,83,90,96,103,113,120,133,141,155,179,196,218,242,281,317,728.0
ENOG411DVPG,1,1,1,71,83,90,195,211,238,269,298,323,537,587,636,687,741,796,852,729.0
ENOG411DV67,1,1,1,71,83,90,195,211,238,269,298,323,353,394,431,474,521,574,625,730.0
ENOG411DZG6,1,1,1,71,83,90,195,211,238,269,298,323,353,622,675,729,786,841,898,731.0
ENOG411DYRU,1,1,1,126,151,162,182,198,224,254,280,305,331,368,405,447,491,542,592,732.0
ENOG411EDRJ,1,1,1,126,151,162,182,333,378,425,475,525,571,628,682,737,794,849,906,733.0
ENOG411DTW7,1,1,1,7,224,259,296,327,367,405,447,492,532,582,631,682,736,791,847,734.0
ENOG411DWBR,1,1,1,7,8,9,11,14,14,187,210,225,241,274,300,333,371,417,461,735.0
ENOG411DPNI,1,1,1,7,8,9,11,14,14,16,16,18,18,20,22,24,31,44,53,736.0
ENOG411DSEE,1,1,1,7,8,9,11,14,14,16,16,18,18,34,36,41,50,68,81,737.0
ENOG411DQRK,1,1,1,7,8,9,11,14,14,16,17,19,19,65,68,75,88,110,131,738.0
ENOG411DQWJ,1,1,1,7,8,9,11,14,14,16,17,19,19,65,68,106,121,148,173,739.0
ENOG411DQPE,1,1,1,7,8,9,11,14,14,16,17,19,19,22,24,26,33,48,57,740.0
ENOG411DYRE,1,1,1,7,8,9,11,14,14,16,17,19,19,22,638,689,744,799,856,741.0
ENOG411DWEZ,1,1,1,80,94,288,343,394,454,514,574,634,694,754,815,875,935,996,1056,742.0
ENOG411EEAG,1,1,1,80,94,268,311,352,404,459,514,569,626,686,742,801,860,921,981,743.0
ENOG411DTTJ,1,1,1,80,94,101,107,116,129,138,153,164,179,208,226,249,278,318,357,744.0
ENOG411E3MS,1,1,1,80,94,101,107,116,129,138,153,583,641,701,760,820,879,940,1000,745.0
ENOG411DS0E,1,1,1,80,94,101,126,136,183,204,230,251,269,303,332,368,407,455,501,746.0
ENOG411DRX4,1,1,1,80,94,101,126,136,152,163,182,194,209,239,261,287,319,362,403,747.0
ENOG411DYI5,1,1,1,80,94,101,126,136,152,238,264,289,311,348,381,421,463,512,560,748.0
ENOG411DWFF,1,1,1,23,26,29,31,34,44,46,50,53,121,140,148,164,184,219,251,749.0
ENOG411E4PT,1,1,1,23,26,29,31,34,44,46,50,53,55,63,66,73,85,106,127,750.0
ENOG411E0U4,1,1,1,23,26,29,31,34,44,46,50,53,55,63,66,79,92,115,137,751.0
ENOG411DV2Y,1,1,1,23,26,29,31,34,34,246,272,297,323,360,395,437,480,529,578,752.0
ENOG411E4SY,1,1,1,23,26,29,31,34,34,36,546,604,663,723,783,843,903,964,1024,753.0
ENOG411E303,1,1,1,23,26,29,31,34,34,36,40,42,43,49,52,59,69,89,107,754.0
ENOG411E3K7,1,1,1,23,26,29,31,34,34,36,40,42,43,49,52,59,205,241,276,755.0
ENOG411E4RK,1,1,1,23,26,29,31,34,34,36,40,42,43,313,343,381,421,469,516,756.0
ENOG411E5UZ,1,1,1,23,26,29,31,34,34,36,40,42,43,313,343,720,777,832,889,757.0
ENOG411DZRV,1,1,1,23,48,53,355,409,469,529,589,649,709,769,830,890,950,1011,1071,758.0
ENOG411DX79,1,1,1,23,48,53,57,61,64,67,73,76,80,94,100,112,127,156,182,759.0
ENOG411EM29,1,1,1,23,48,53,57,61,64,175,460,507,550,606,657,709,765,820,877,760.0
ENOG411E2SA,1,1,1,23,48,53,57,61,64,175,196,210,225,256,280,311,346,392,436,761.0
ENOG411E2MD,1,1,1,23,48,53,57,61,64,175,196,210,426,470,509,556,605,660,716,762.0
ENOG411DVZ5,1,1,1,66,77,178,199,217,245,277,307,333,364,406,443,487,534,587,638,763.0
ENOG411DZ74,1,1,1,66,77,178,199,217,245,277,307,333,591,651,707,764,822,879,936,764.0
ENOG411DSTP,1,1,1,66,77,84,119,129,145,155,171,183,198,227,248,273,304,345,385,765.0
ENOG411DU25,1,1,1,66,77,84,89,96,105,112,125,132,144,166,181,201,223,260,295,766.0
ENOG411DUN1,1,1,1,66,77,84,89,96,105,112,125,132,144,169,184,204,226,264,299,767.0
ENOG411DSF6,1,1,1,66,77,84,89,96,105,112,125,132,144,169,184,211,235,273,308,768.0
ENOG411DWYQ,1,1,1,66,77,84,89,96,252,284,314,343,374,416,453,498,545,598,650,769.0
ENOG411DVN7,1,1,1,66,77,84,89,96,252,284,314,453,492,539,586,637,691,746,802,770.0
ENOG411DUCK,1,1,1,37,40,45,320,367,424,482,539,597,656,716,775,835,895,956,1016,771.0
ENOG411DQN3,1,1,1,37,40,45,49,53,56,58,64,126,138,160,174,194,216,252,287,772.0
ENOG411DSUR,1,1,1,37,40,45,49,53,56,58,64,67,70,82,87,97,112,138,162,773.0
ENOG411DTPF,1,1,1,37,40,45,49,53,56,58,64,67,70,503,546,594,644,699,755,774.0
ENOG411E3Q9,1,1,1,146,178,194,218,238,268,301,333,364,399,442,479,524,572,627,681,775.0
ENOG411DX5N,1,1,1,146,178,194,279,309,347,383,423,466,505,554,601,652,706,761,817,776.0
ENOG411DXFU,1,1,1,2,3,3,3,3,3,3,148,157,172,199,217,239,268,307,346,777.0
ENOG411DW73,1,1,1,2,3,3,3,3,3,3,148,157,172,199,377,417,458,507,555,778.0
ENOG411DQGT,1,1,1,2,3,3,3,3,3,3,3,3,3,3,235,259,290,330,370,779.0
ENOG411DVRP,1,1,1,2,3,3,3,3,3,3,3,3,3,3,3,8,9,14,18,780.0
ENOG411DSY4,1,1,1,2,3,3,3,3,3,3,3,3,3,3,3,3,590,645,701,781.0
ENOG411DQ51,1,1,1,2,3,3,3,3,3,3,3,3,3,3,3,3,13,20,24,782.0
ENOG411DQVX,1,1,1,2,3,3,3,3,3,3,3,3,3,3,3,3,13,20,24,783.0
ENOG411DQF1,1,1,1,2,3,3,3,3,3,3,3,3,3,3,3,3,13,20,24,784.0
ENOG411DUW9,1,1,1,2,3,3,3,3,3,3,3,3,3,3,3,3,3,3,6,785.0
ENOG411DU8E,1,1,1,2,3,3,3,3,3,3,3,3,3,3,3,3,6,21,25,786.0
ENOG411DUYS,1,1,1,2,3,3,3,3,3,3,3,3,3,3,3,3,6,8,12,787.0
ENOG411E0XZ,1,1,1,2,3,3,3,3,3,3,3,3,3,3,3,3,6,8,12,788.0
ENOG411DWIX,1,1,1,2,3,3,3,3,3,3,3,3,3,3,3,3,6,12,16,789.0
ENOG411DWG0,1,1,1,2,3,3,3,3,3,3,3,3,3,3,3,3,6,13,17,790.0
ENOG411DVD7,1,1,1,2,3,3,3,3,3,3,3,3,3,3,3,3,6,13,17,791.0
ENOG411DSM9,1,1,1,2,98,105,111,120,135,144,160,171,186,215,234,258,289,329,368,792.0
ENOG411DYF9,1,1,1,2,98,105,111,120,135,144,160,171,577,635,690,745,802,857,914,793.0
ENOG411DQPC,1,1,1,2,213,243,276,305,343,379,419,462,501,550,597,648,702,757,813,794.0
ENOG411DTET,1,1,1,2,225,260,298,331,371,411,453,499,541,593,644,696,751,806,863,795.0
ENOG411DSSU,1,1,1,2,220,255,292,323,363,401,443,488,527,577,626,677,731,786,842,796.0
ENOG411DUT0,1,1,1,2,10,33,152,165,185,206,232,254,273,307,337,374,413,461,507,797.0
ENOG411DWGQ,1,1,1,2,10,33,152,165,185,206,232,482,521,571,618,669,723,778,834,798.0
ENOG411DQB3,1,1,1,2,10,33,36,40,40,42,46,48,49,57,60,67,78,99,119,799.0
ENOG411DUFW,1,1,1,2,10,33,36,40,54,183,206,220,236,268,294,326,361,407,451,800.0
ENOG411DQ8H,1,1,1,2,10,33,36,40,54,56,109,113,123,143,152,169,190,225,258,801.0
ENOG411DXCE,1,1,1,2,10,33,36,40,54,56,109,113,123,193,211,233,260,299,338,802.0
ENOG411DW2U,1,1,1,2,10,33,36,40,54,56,62,233,249,282,309,342,381,427,472,803.0
ENOG411DR5K,1,1,1,2,10,33,36,40,54,56,62,65,68,88,94,105,120,147,172,804.0
ENOG411DTFQ,1,1,1,2,10,33,36,40,54,56,62,65,68,80,85,94,109,134,158,805.0
ENOG411DX4E,1,1,1,2,10,33,36,40,54,56,62,65,68,80,313,347,386,432,477,806.0
ENOG411DW8E,1,1,1,2,10,11,13,16,16,463,519,574,632,692,749,808,867,928,988,807.0
ENOG411DQYV,1,1,1,2,10,11,13,16,16,18,19,21,21,24,26,28,35,50,59,808.0
ENOG411DRAV,1,1,1,2,10,11,13,16,16,18,19,21,21,38,41,48,57,77,93,809.0
ENOG411DSBB,1,1,1,2,10,11,13,16,16,18,19,234,250,283,311,345,384,430,475,810.0
ENOG411DV19,1,1,1,2,10,11,13,16,16,18,19,234,612,672,728,787,845,905,962,811.0
ENOG411DQD0,1,1,1,2,10,31,34,37,100,107,119,123,135,157,167,185,207,243,278,812.0
ENOG411DPQP,1,1,1,2,10,31,34,37,100,107,119,206,221,252,276,306,339,383,427,813.0
ENOG411EMPK,1,1,1,2,10,31,34,37,100,107,119,206,603,663,719,778,836,896,953,814.0
ENOG411DUWN,1,1,1,2,10,31,34,37,37,39,304,329,360,402,439,483,530,583,634,815.0
ENOG411DRF6,1,1,1,2,10,31,34,37,37,39,43,45,46,52,55,62,72,93,112,816.0
ENOG411DXHX,1,1,1,2,10,31,34,37,37,39,43,45,375,417,454,499,546,599,651,817.0
ENOG411DU9A,1,1,1,44,49,54,58,62,65,82,92,96,101,118,125,139,154,186,215,818.0
ENOG411DQUP,1,1,1,44,49,54,58,62,65,82,92,96,101,118,125,139,154,186,267,819.0
ENOG411DT6T,1,1,1,44,49,54,58,62,65,68,75,78,82,96,102,114,129,159,185,820.0
ENOG411DZPQ,1,1,1,44,49,54,58,62,65,68,75,78,82,272,298,331,368,414,458,821.0
ENOG411DWX5,1,1,1,42,46,51,128,138,155,166,185,197,212,243,266,293,325,368,410,822.0
ENOG411DYFC,1,1,1,42,46,51,128,138,155,166,185,197,212,425,462,507,555,608,661,823.0
ENOG411E1ZQ,1,1,1,42,46,51,55,59,62,64,70,73,319,356,390,431,474,523,572,824.0
ENOG411DV4G,1,1,1,42,46,51,55,59,62,64,70,73,77,101,107,119,134,165,192,825.0
ENOG411DWQ5,1,1,1,42,46,51,55,59,62,64,70,73,77,101,107,119,174,208,237,826.0
ENOG411DSME,1,1,1,42,46,51,55,59,62,64,70,73,77,91,97,109,364,410,454,827.0
ENOG411E38X,1,1,1,42,46,51,55,59,62,64,70,73,77,91,97,109,124,885,942,828.0
ENOG411DTAM,1,1,1,42,46,51,55,59,62,64,70,73,77,91,97,109,124,151,177,829.0
ENOG411DRA8,1,1,1,42,46,51,55,59,62,64,70,73,77,91,97,109,124,151,191,830.0
ENOG411DQ76,1,1,1,42,46,51,55,59,62,64,70,73,77,91,97,109,124,151,191,831.0
ENOG411DVII,1,1,1,42,46,51,55,59,62,64,70,73,77,91,127,142,159,193,222,832.0
ENOG411DTYH,1,1,1,42,46,51,55,59,62,64,70,73,77,91,127,142,233,271,306,833.0
ENOG411DX6K,1,1,1,182,243,301,360,418,478,538,598,659,719,779,840,900,960,1021,1081,834.0
ENOG411DVKY,1,1,1,1,120,127,139,150,167,184,207,221,237,269,295,327,362,408,452,835.0
ENOG411DUZ5,1,1,1,1,120,127,139,150,167,184,207,221,237,269,399,441,484,534,583,836.0
ENOG411DQWQ,1,1,1,1,120,127,139,150,167,184,207,221,237,269,399,462,508,560,610,837.0
ENOG411DYKE,1,1,1,1,120,127,139,150,167,184,207,221,237,269,399,462,508,560,610,838.0
ENOG411EJUS,1,1,1,1,233,278,325,373,430,488,545,603,662,722,782,842,902,963,1023,839.0
ENOG411E40C,1,1,1,1,24,293,349,401,461,521,581,641,701,761,822,882,942,1003,1063,840.0
ENOG411DURA,1,1,1,1,24,26,28,31,31,33,94,98,103,120,128,150,167,201,230,841.0
ENOG411E36S,1,1,1,1,24,26,28,31,31,33,94,98,103,120,128,143,263,302,341,842.0
ENOG411E5A2,1,1,1,1,24,26,28,31,31,33,94,98,103,120,128,143,315,358,399,843.0
ENOG411E5NQ,1,1,1,1,24,26,28,31,31,33,94,98,103,120,128,143,315,358,511,844.0
ENOG411E2SI,1,1,1,1,24,26,28,31,31,33,94,98,103,120,128,143,182,217,247,845.0
ENOG411E59F,1,1,1,1,24,26,28,31,31,33,94,98,103,120,128,143,160,391,435,846.0
ENOG411E3VR,1,1,1,1,24,26,28,31,31,33,94,98,103,120,128,143,160,355,396,847.0
ENOG411E6Q3,1,1,1,1,24,26,28,31,31,33,94,98,103,120,128,143,160,194,614,848.0
ENOG411E0HW,1,1,1,1,24,26,28,31,31,33,94,98,103,120,128,143,160,194,333,849.0
ENOG411DU0P,1,1,1,1,24,26,28,31,31,33,94,98,103,120,128,143,160,194,223,850.0
ENOG411E6B8,1,1,1,1,24,26,28,31,31,33,94,98,103,120,128,143,160,194,390,851.0
ENOG411DU98,1,1,1,1,24,26,28,31,31,33,36,406,531,581,630,681,735,790,846,852.0
ENOG411E3KF,1,1,1,1,24,26,28,31,31,33,36,406,444,488,529,577,627,682,738,853.0
ENOG411E6XF,1,1,1,1,24,26,28,31,31,33,36,406,444,488,751,811,870,931,991,854.0
ENOG411E2TM,1,1,1,1,24,26,28,31,31,33,36,38,568,625,679,733,790,845,902,855.0
ENOG411E1ZH,1,1,1,1,24,26,28,31,31,33,36,38,38,43,46,53,229,267,302,856.0
ENOG411DY9V,1,1,1,1,24,26,28,31,31,33,36,38,38,43,46,53,62,82,98,857.0
ENOG411E2RG,1,1,1,1,24,26,28,31,31,33,36,38,38,43,46,53,62,262,297,858.0
ENOG411DWZH,1,1,1,1,24,26,28,31,31,33,36,38,38,77,81,90,105,130,154,859.0
ENOG411E49C,1,1,1,1,24,26,28,31,31,33,36,38,38,77,81,810,869,930,990,860.0
ENOG411DQ0Q,1,1,1,1,204,228,259,285,320,356,392,428,466,511,554,603,654,709,765,861.0
ENOG411DVWX,1,1,1,1,110,117,127,137,184,205,231,252,270,304,334,370,409,457,503,862.0
ENOG411E08T,1,1,1,1,110,117,127,137,184,205,231,252,270,304,755,815,874,935,995,863.0
ENOG411DR3K,1,1,1,1,110,117,127,137,154,165,184,196,211,241,263,289,321,364,406,864.0
ENOG411DR1Q,1,1,1,1,110,117,127,137,154,165,184,196,211,383,420,463,509,561,611,865.0
ENOG411DSUW,1,1,1,1,195,219,249,274,309,344,380,415,453,497,538,586,636,691,747,866.0
ENOG411DSPV,1,1,1,1,226,264,304,343,392,444,498,552,605,665,721,780,838,898,955,867.0
ENOG411DXZN,1,1,1,1,242,299,358,415,475,535,595,655,715,775,836,896,956,1017,1077,868.0
ENOG411E33J,1,1,1,1,2,296,353,405,465,525,585,645,705,765,826,886,946,1007,1067,869.0
ENOG411DUG7,1,1,1,1,2,232,263,290,325,361,397,433,471,517,561,610,661,716,772,870.0
ENOG411DUDH,1,1,1,1,2,262,301,337,384,434,484,535,582,642,697,753,810,867,924,871.0
ENOG411DVEM,1,1,1,1,2,272,315,359,415,472,528,586,644,704,763,823,882,943,1003,872.0
ENOG411DQCX,1,1,1,1,2,160,180,196,222,252,278,303,329,366,403,445,488,539,589,873.0
ENOG411DY7B,1,1,1,1,2,7,352,404,464,524,584,644,704,764,825,885,945,1006,1066,874.0
ENOG411DW56,1,1,1,1,2,7,115,125,141,151,167,179,194,223,243,268,299,340,380,875.0
ENOG411DSUX,1,1,1,1,2,7,7,8,8,9,429,472,511,561,608,659,713,768,824,876.0
ENOG411DRXN,1,1,1,1,2,7,7,8,8,9,9,9,9,48,51,58,68,88,106,877.0
ENOG411DWYG,1,1,1,1,2,7,7,8,8,9,9,9,9,48,353,392,432,481,528,878.0
ENOG411DRGZ,1,1,1,1,2,7,7,8,8,9,9,9,9,21,23,25,32,47,56,879.0
ENOG411DXXQ,1,1,1,1,2,7,7,8,8,9,9,9,9,11,621,672,726,781,837,880.0
ENOG411DTUH,1,1,1,1,2,7,7,8,8,9,9,9,9,11,12,304,337,381,425,881.0
ENOG411DPXD,1,1,1,1,2,7,7,8,8,9,9,9,9,11,12,14,18,27,31,882.0
ENOG411DVDW,1,1,1,1,2,7,7,8,8,9,9,9,9,11,12,619,671,726,782,883.0
ENOG411DXSK,1,1,1,1,2,7,7,157,175,196,222,240,258,291,320,354,393,440,485,884.0
ENOG411DQ5Z,1,1,1,1,2,7,7,11,11,247,273,298,324,361,396,438,481,530,579,885.0
ENOG411DXSD,1,1,1,1,2,7,7,11,11,220,246,269,289,324,356,395,435,484,531,886.0
ENOG411E3JK,1,1,1,1,2,7,7,11,11,13,13,14,14,16,17,343,382,428,473,887.0
ENOG411DV8I,1,1,1,1,2,7,7,11,11,13,13,14,14,16,17,19,30,43,52,888.0
ENOG411E36U,1,1,1,1,2,7,7,11,11,13,13,14,14,16,17,19,30,43,209,889.0
ENOG411DZK2,1,1,1,1,2,7,7,11,11,13,13,14,14,16,17,19,25,444,489,890.0
ENOG411E44I,1,1,1,1,2,7,7,11,11,13,13,14,14,16,17,19,25,154,180,891.0
ENOG411E3RJ,1,1,1,1,2,7,7,11,11,13,13,14,14,16,17,19,25,34,123,892.0
ENOG411DPR9,1,1,1,1,2,7,7,11,11,13,13,14,14,16,17,19,25,34,41,893.0
ENOG411E3W8,1,1,1,1,2,7,7,11,11,13,13,14,14,16,17,19,25,34,206,894.0
ENOG411E25X,1,1,1,1,2,7,7,11,11,13,20,124,136,158,168,186,208,244,279,895.0
ENOG411DRKE,1,1,1,1,2,7,7,11,11,13,20,22,22,135,143,480,527,580,631,896.0
ENOG411DY5D,1,1,1,1,2,7,7,11,11,13,20,22,22,135,143,159,178,212,241,897.0
ENOG411DZXG,1,1,1,1,2,7,7,11,11,13,20,22,22,135,143,159,178,435,480,898.0
ENOG411DUR9,1,1,1,1,2,7,7,11,11,13,20,22,22,53,56,63,73,94,113,899.0
ENOG411DWN9,1,1,1,1,2,7,7,11,11,13,20,22,22,53,56,63,415,463,509,900.0
ENOG411E4XW,1,1,1,1,2,7,7,11,11,13,20,22,22,53,56,171,192,227,260,901.0
ENOG411E53Z,1,1,1,1,2,7,7,11,11,13,20,22,22,53,56,187,209,245,280,902.0
ENOG411DWSQ,1,1,1,1,2,7,7,11,11,13,20,22,22,53,56,187,209,626,680,903.0
ENOG411E5DW,1,1,1,1,2,7,7,11,11,13,20,22,22,557,604,655,709,764,820,904.0
ENOG411E4TR,1,1,1,1,2,7,7,11,11,13,20,22,22,25,204,226,253,292,328,905.0
ENOG411DRI7,1,1,1,1,2,7,7,11,11,13,20,22,22,25,27,42,87,109,130,906.0
ENOG411DSDA,1,1,1,1,2,7,7,11,11,13,20,22,22,25,27,42,87,191,220,907.0
ENOG411DXFT,1,1,1,1,2,7,7,11,11,13,20,22,22,25,27,42,51,69,82,908.0
ENOG411DPXN,1,1,1,1,2,7,7,11,11,13,20,22,22,25,27,42,51,114,135,909.0
ENOG411DV3Y,1,1,1,1,2,7,7,11,11,13,20,22,22,25,27,42,51,114,331,910.0
ENOG411DVJ7,1,1,1,1,2,7,7,11,11,13,20,22,22,25,27,30,39,55,64,911.0
ENOG411DSV8,1,1,1,1,2,7,7,11,11,13,20,22,22,25,27,376,416,464,510,912.0
ENOG411E5U4,1,1,1,1,2,7,7,11,11,13,20,22,22,25,27,376,552,605,657,913.0
ENOG411DY8W,1,1,1,1,2,218,248,272,307,342,378,413,451,495,536,584,634,689,745,914.0
ENOG411DUE1,1,1,1,1,2,229,260,286,321,357,393,429,467,512,555,604,655,710,766,915.0
ENOG411DRK6,1,1,1,1,2,2,246,270,304,339,375,410,448,492,533,581,631,686,742,916.0
ENOG411DRD6,1,1,1,1,2,2,272,301,339,375,413,454,493,540,587,638,692,747,803,917.0
ENOG411DSGF,1,1,1,1,2,2,176,192,216,242,268,293,318,355,389,430,472,521,570,918.0
ENOG411DTYS,1,1,1,1,2,2,361,422,482,542,602,663,723,783,844,904,964,1025,1085,919.0
ENOG411DR7F,1,1,1,1,2,2,155,168,189,210,236,258,277,311,341,379,419,467,514,920.0
ENOG411DSNY,1,1,1,1,2,2,8,9,9,11,11,156,171,198,216,238,267,306,345,921.0
ENOG411DY4J,1,1,1,1,2,2,8,9,9,11,11,11,40,45,48,55,64,84,100,922.0
ENOG411DSM0,1,1,1,1,2,2,8,9,9,11,11,11,11,148,157,175,196,231,264,923.0
ENOG411DUM6,1,1,1,1,2,2,8,9,9,11,11,11,11,13,14,16,20,29,33,924.0
ENOG411DYCM,1,1,1,1,2,2,8,9,9,11,11,11,11,13,165,183,204,240,275,925.0
ENOG411DQYF,1,1,1,1,2,2,8,13,112,119,132,140,153,177,194,216,240,279,314,926.0
ENOG411DZRP,1,1,1,1,2,2,8,13,112,119,132,524,570,627,681,736,793,848,905,927.0
ENOG411DVQE,1,1,1,1,2,2,8,13,13,15,15,16,16,18,20,22,28,41,50,928.0
ENOG411DS9A,1,1,1,1,2,2,8,13,13,15,15,16,16,18,286,318,353,399,443,929.0
ENOG411DZYA,1,1,1,1,2,2,8,13,13,15,15,16,16,18,286,540,588,643,699,930.0
ENOG411DXEM,1,1,1,1,2,2,8,13,13,15,38,40,615,675,731,790,848,909,967,931.0
ENOG411DV8A,1,1,1,1,2,2,8,13,13,15,38,40,41,513,556,605,656,711,767,932.0
ENOG411DU7J,1,1,1,1,2,2,8,13,13,15,38,40,41,46,49,56,65,85,102,933.0
ENOG411DW79,1,1,1,1,2,2,8,13,13,15,38,40,41,46,49,189,211,247,282,934.0
ENOG411DW8Z,1,1,1,1,2,2,297,330,370,409,451,497,538,588,637,688,742,797,853,935.0
ENOG411DW2S,1,1,1,1,2,2,289,320,360,396,437,481,520,570,617,668,722,777,833,936.0
ENOG411E43F,1,1,1,1,2,2,340,389,448,506,566,625,685,745,806,866,926,987,1047,937.0
ENOG411ECIH,1,1,1,1,2,2,356,410,470,530,590,650,710,770,831,891,951,1012,1072,938.0
ENOG411E4ZB,1,1,1,1,2,2,336,384,443,501,561,620,680,740,801,861,921,982,1042,939.0
ENOG411DTZX,1,1,1,1,2,2,32,35,35,37,41,43,44,50,53,60,70,90,108,940.0
ENOG411DUVU,1,1,1,1,2,2,32,35,35,37,41,43,44,50,515,562,611,666,722,941.0
ENOG411DXVW,1,1,1,1,2,2,32,35,35,96,107,550,602,662,718,777,835,895,952,942.0
ENOG411DUXE,1,1,1,1,2,2,32,35,35,96,107,111,119,138,146,162,181,215,244,943.0
ENOG411DVH5,1,1,1,1,2,2,32,35,35,96,107,111,119,138,146,162,181,387,431,944.0
ENOG411EMNG,1,1,1,1,2,2,2,2,2,10,10,10,10,12,667,721,778,833,890,945.0
ENOG411DW4W,1,1,1,1,2,2,2,2,2,10,10,10,10,12,13,46,55,75,91,946.0
ENOG411DWKD,1,1,1,1,2,2,2,2,2,10,10,10,10,12,13,46,55,75,250,947.0
ENOG411DSQS,1,1,1,1,2,2,2,2,2,10,10,10,10,12,13,15,19,28,32,948.0
ENOG411DV9Q,1,1,1,1,2,2,2,2,2,10,10,10,10,12,13,15,19,40,49,949.0
ENOG411DSN0,1,1,1,1,2,2,2,2,2,2,2,2,2,2,2,2,2,2,5,950.0
ENOG411DUQI,1,1,1,1,2,2,2,2,2,2,2,2,2,2,2,2,2,2,8,951.0
ENOG411DRJ6,1,1,1,1,2,2,2,2,2,2,2,2,2,2,2,2,2,7,11,952.0
ENOG411DW01,1,1,1,1,2,2,2,2,2,2,2,2,2,2,2,2,2,7,538,953.0
ENOG411DUGA,1,1,1,1,2,2,2,2,2,2,2,2,2,4,4,4,4,4,7,954.0
ENOG411DT3X,1,1,1,1,2,2,2,2,2,2,2,2,2,4,4,4,4,4,7,955.0
ENOG411E3GH,1,1,1,1,2,2,2,2,2,2,2,2,2,4,4,4,4,5,968,956.0
ENOG411DUF9,1,1,1,1,2,2,2,2,2,2,2,2,2,4,4,4,4,5,9,957.0
ENOG411DR00,1,1,1,1,2,2,2,2,2,2,2,2,2,4,4,4,4,5,34,958.0
ENOG411DVNA,1,1,1,1,2,2,2,2,2,2,2,2,2,4,4,4,4,5,34,959.0
ENOG411DQH3,1,1,1,1,2,2,2,2,2,2,2,2,2,4,4,5,5,6,10,960.0
ENOG411DUA2,1,1,1,1,2,2,2,2,2,2,2,2,2,4,4,5,5,9,13,961.0
ENOG411DUSH,1,1,1,1,2,2,2,2,2,2,2,2,2,4,4,5,5,18,22,962.0
ENOG411DXVQ,1,1,1,1,2,2,2,38,38,40,74,77,611,671,727,786,844,904,961,963.0
ENOG411DTWU,1,1,1,1,2,2,2,38,38,40,74,77,81,95,246,271,302,343,383,964.0
ENOG411DPTP,1,1,1,1,2,2,2,38,38,40,74,77,81,95,101,113,128,158,184,965.0
ENOG411DQRZ,1,1,1,1,2,2,2,38,38,40,74,77,81,95,101,122,137,168,195,966.0
ENOG411DPVG,1,1,1,1,2,2,2,38,38,40,44,407,445,489,530,578,628,683,739,967.0
ENOG411DW9R,1,1,1,1,2,2,2,38,38,40,44,46,47,54,563,612,663,718,774,968.0
ENOG411DXPK,1,1,1,1,2,2,2,38,38,40,44,46,47,54,563,612,887,948,1008,969.0
ENOG411DSYJ,1,1,1,1,2,2,2,38,38,40,44,46,47,54,57,64,75,96,116,970.0
ENOG411DUVP,1,1,1,1,2,2,2,38,38,40,44,46,47,54,57,95,110,136,160,971.0
ENOG411E5ZR,1,1,1,1,2,2,2,91,99,106,118,547,599,659,715,774,832,892,949,972.0
ENOG411DS84,1,1,1,1,2,2,2,91,99,106,118,122,134,156,166,184,206,242,277,973.0
ENOG411DPUH,1,1,1,1,2,2,2,91,99,106,118,122,134,156,166,184,206,316,355,974.0
ENOG411E13J,1,1,1,1,2,2,2,91,99,106,118,122,134,156,191,316,351,397,441,975.0
ENOG411E4IY,1,1,1,1,2,2,2,91,99,106,118,122,134,156,191,746,803,859,916,976.0
ENOG411DRS1,1,1,1,1,2,2,2,91,99,106,118,122,134,156,191,212,236,274,309,977.0
ENOG411E4EP,1,1,1,1,2,2,2,91,99,106,118,122,134,156,191,212,665,720,776,978.0
ENOG411DV1I,1,1,1,1,2,2,2,5,133,142,157,168,183,212,231,255,285,325,364,979.0
ENOG411DW6J,1,1,1,1,2,2,2,5,133,142,157,332,363,405,442,486,533,586,637,980.0
ENOG411DW5Q,1,1,1,1,2,2,2,5,133,142,157,332,363,447,485,531,579,634,689,981.0
ENOG411DQQ2,1,1,1,1,2,2,2,5,234,264,292,317,346,387,424,467,514,567,618,982.0
ENOG411E2JI,1,1,1,1,2,2,2,5,82,87,98,102,628,688,745,804,863,924,984,983.0
ENOG411DRB2,1,1,1,1,2,2,2,5,82,87,98,102,108,125,133,148,165,199,228,984.0
ENOG411DPZK,1,1,1,1,2,2,2,5,82,87,98,102,108,125,133,401,441,490,537,985.0
ENOG411DU69,1,1,1,1,2,2,2,5,5,6,214,230,246,279,305,338,377,423,468,986.0
ENOG411DRK9,1,1,1,1,2,2,2,5,5,6,6,6,6,7,8,10,12,17,21,987.0
ENOG411DVQS,1,1,1,1,2,2,2,5,5,6,6,6,6,7,8,10,12,54,63,988.0
ENOG411DU6S,1,1,1,1,2,2,2,5,5,6,6,6,6,7,8,10,66,86,104,989.0
ENOG411DZS4,1,1,1,1,2,2,2,5,5,6,6,6,6,7,8,10,743,798,854,990.0
ENOG411DQCK,1,1,1,1,2,2,2,5,5,6,6,12,118,137,145,329,366,412,456,991.0
ENOG411DT7J,1,1,1,1,2,2,2,5,5,6,6,12,118,137,145,161,180,214,243,992.0
ENOG411E2Q5,1,1,1,1,2,2,2,5,5,6,6,12,118,137,145,247,276,315,354,993.0
ENOG411DWXI,1,1,1,1,2,2,2,5,5,6,6,12,118,137,145,291,323,366,408,994.0
ENOG411DRIE,1,1,1,1,2,2,2,5,5,6,6,12,12,14,83,307,340,384,428,995.0
ENOG411DT5T,1,1,1,1,2,2,2,5,5,6,6,12,12,14,83,92,283,323,362,996.0
ENOG411DRA5,1,1,1,1,2,2,2,5,5,6,6,12,12,14,83,92,107,132,156,997.0
ENOG411DPWM,1,1,1,1,2,2,2,5,5,6,6,12,12,14,83,92,107,135,159,998.0
ENOG411DVSG,1,1,1,1,2,2,2,5,5,6,6,12,12,14,15,434,477,526,575,999.0
ENOG411DUCD,1,1,1,1,2,2,2,5,5,6,6,12,12,14,15,17,246,285,321,1000.0
ENOG411DU14,1,1,1,1,2,2,2,5,5,6,6,12,12,14,15,17,22,31,38,1001.0
ENOG411DV4E,1,1,1,1,2,2,2,5,5,6,6,12,12,14,15,17,22,31,271,1002.0
ENOG411DTJM,1,1,1,1,2,2,2,5,5,6,6,12,12,14,15,17,22,172,199,1003.0
ENOG411DQ6Z,1,1,1,1,2,2,2,5,5,6,6,12,12,14,15,17,22,39,48,1004.0
ENOG411DTTW,1,1,1,1,2,2,2,5,5,6,6,12,12,14,15,17,22,157,183,1005.0
ENOG411DXA1,1,1,1,1,2,2,2,5,5,6,6,12,12,14,15,141,328,371,413,1006.0
ENOG411DSVP,1,1,1,1,2,2,2,5,5,6,6,12,12,14,15,141,157,190,219,1007.0
ENOG411DWZJ,1,1,1,1,2,2,2,5,5,6,6,12,12,14,15,141,157,255,290,1008.0
ENOG411DT0J,1,1,1,1,2,2,2,5,5,6,6,12,12,69,171,191,213,249,284,1009.0
ENOG411EM5C,1,1,1,1,2,2,2,5,5,6,6,12,12,69,73,735,792,847,904,1010.0
ENOG411DQ6K,1,1,1,1,2,2,2,5,5,6,6,12,12,69,73,81,94,117,141,1011.0
ENOG411DVFC,1,1,1,1,2,2,2,5,5,6,6,12,12,69,73,81,94,153,179,1012.0
ENOG411DTUF,1,1,1,1,2,2,2,5,5,6,6,12,12,69,73,81,94,232,265,1013.0
ENOG411DWPZ,1,1,1,1,2,2,2,5,5,6,6,12,12,69,73,81,94,346,386,1014.0
ENOG411DQBT,1,1,1,1,2,2,2,5,5,6,6,12,12,69,73,81,247,286,322,1015.0
ENOG411DS51,1,1,1,1,2,2,2,5,5,6,6,12,12,69,73,81,288,328,367,1016.0
ENOG411DZGB,1,1,1,1,2,2,2,5,5,5,517,572,630,690,747,806,865,926,986,1017.0
ENOG411E3QI,1,1,1,1,2,2,2,5,5,5,178,190,205,235,257,282,313,356,397,1018.0
ENOG411E4DM,1,1,1,1,2,2,2,5,5,5,178,190,205,235,257,757,815,872,929,1019.0
ENOG411DTFI,1,1,1,1,2,2,2,5,5,5,5,17,17,19,21,23,29,42,51,1020.0
ENOG411DXBG,1,1,1,1,2,2,2,5,5,5,5,17,17,19,21,23,678,733,789,1021.0
ENOG411DPPN,1,1,1,1,2,2,2,5,5,5,5,51,357,399,436,479,526,579,630,1022.0
ENOG411DUYK,1,1,1,1,2,2,2,5,5,5,5,51,481,528,574,625,677,732,788,1023.0
ENOG411E1JS,1,1,1,1,2,2,2,5,5,5,5,51,53,638,693,749,806,862,919,1024.0
ENOG411DT0W,1,1,1,1,2,2,2,5,5,5,5,51,53,61,90,101,116,143,168,1025.0
ENOG411DVY0,1,1,1,1,2,2,2,5,5,5,5,51,53,61,64,87,101,125,149,1026.0
ENOG411DVTB,1,1,1,1,2,2,2,5,5,5,5,51,53,61,64,87,648,703,759,1027.0
ENOG411DWHV,1,1,1,1,2,2,2,5,5,5,5,51,53,61,64,99,114,141,166,1028.0
ENOG411DPUV,1,1,1,1,2,2,2,5,5,5,5,51,53,61,64,71,155,187,216,1029.0
ENOG411DXHZ,1,1,1,1,2,2,2,5,5,5,5,51,53,61,64,71,155,535,584,1030.0
ENOG411DQQ6,1,1,1,1,2,2,2,5,5,5,5,51,53,61,64,71,83,104,125,1031.0
ENOG411DV8C,1,1,1,1,2,2,2,5,5,5,5,51,53,61,64,71,97,121,145,1032.0
ENOG411DRUG,1,1,1,1,2,2,2,5,5,5,5,347,379,421,458,503,550,603,655,1033.0
ENOG411DR6U,1,1,1,1,2,2,2,5,5,5,5,5,390,433,470,515,563,617,670,1034.0
ENOG411DUND,1,1,1,1,2,2,2,5,5,5,5,5,5,192,210,232,259,298,337,1035.0
ENOG411E0CN,1,1,1,1,2,2,2,5,5,5,5,5,5,192,386,426,468,517,566,1036.0
ENOG411DVX2,1,1,1,1,2,2,2,5,5,5,5,5,5,192,386,530,578,633,688,1037.0
ENOG411DPPM,1,1,1,1,2,2,2,5,5,5,5,5,5,346,379,419,460,509,557,1038.0
ENOG411DRX1,1,1,1,1,2,2,2,5,5,5,5,5,5,346,379,427,469,518,567,1039.0
ENOG411DRP1,1,1,1,1,2,2,2,5,5,5,5,5,5,346,379,427,489,540,590,1040.0
ENOG411DS2V,1,1,1,1,2,2,2,5,5,5,5,5,5,6,18,20,26,37,45,1041.0
ENOG411DY5Y,1,1,1,1,2,2,2,5,5,5,5,5,5,6,18,20,103,128,152,1042.0
ENOG411DSYP,1,1,1,1,2,2,2,5,5,5,5,5,5,6,264,290,322,365,407,1043.0
ENOG411DZBF,1,1,1,1,2,2,2,5,5,5,5,5,5,6,264,290,322,858,915,1044.0
ENOG411DUHE,1,1,1,1,2,2,2,5,5,5,5,5,5,6,7,9,21,30,35,1045.0
ENOG411DTQ3,1,1,1,1,2,2,2,5,5,5,5,5,5,6,7,9,21,339,379,1046.0
ENOG411DRGN,1,1,1,1,2,2,2,5,5,5,5,5,5,6,7,9,24,33,40,1047.0
ENOG411DQST,1,1,1,1,2,2,2,5,5,5,5,5,5,6,7,9,11,16,20,1048.0
ENOG411DYE3,1,1,1,1,2,2,2,5,5,5,5,5,5,6,7,9,11,553,603,1049.0
ENOG411DQQH,1,1,1,1,2,2,2,5,5,5,5,5,5,6,7,214,238,276,311,1050.0
ENOG411DVCZ,1,1,1,1,2,2,2,5,5,5,5,5,5,6,7,214,370,416,460,1051.0
ENOG411DXMR,1,1,1,1,2,2,2,5,5,5,5,5,5,6,7,357,396,443,488,1052.0
ENOG411DSSQ,1,1,1,1,2,2,2,5,5,5,5,5,5,6,7,357,473,522,571,1053.0
ENOG411E2RK,1,1,1,1,74,81,86,93,102,109,122,128,140,162,176,196,218,254,289,1054.0
ENOG411E35B,1,1,1,1,1,292,348,400,460,520,580,640,700,760,821,881,941,1002,1062,1055.0
ENOG411DXP9,1,1,1,1,1,28,30,33,33,35,39,41,385,428,465,510,558,612,665,1056.0
ENOG411DYTX,1,1,1,1,1,28,30,33,33,35,39,41,42,381,418,460,506,558,608,1057.0
ENOG411DRY3,1,1,1,1,1,28,30,33,33,35,39,41,42,47,50,57,67,87,105,1058.0
ENOG411E2X1,1,1,1,1,1,28,30,33,33,35,39,41,42,47,50,492,539,592,643,1059.0
ENOG411EKHM,1,1,1,1,1,28,30,33,33,35,39,41,42,47,50,492,770,825,882,1060.0
ENOG411DU3G,1,1,1,1,1,28,30,33,33,35,39,41,42,47,69,165,185,220,252,1061.0
ENOG411DRQK,1,1,1,1,1,28,30,33,33,35,39,41,42,47,69,76,89,111,132,1062.0
ENOG411E2N7,1,1,1,1,1,28,30,33,33,35,39,41,42,47,69,76,342,386,430,1063.0
ENOG411DQ7R,1,1,1,1,1,1,1,1,1,1,216,232,248,281,307,340,379,425,470,1064.0
ENOG411DPU4,1,1,1,1,1,1,1,1,1,1,1,1,51,59,62,69,81,102,122,1065.0
ENOG411DVUM,1,1,1,1,1,1,1,1,1,1,1,1,51,59,62,597,647,702,758,1066.0
ENOG411DSFE,1,1,1,1,1,1,1,1,1,1,1,1,1,1,6,39,266,305,344,1067.0
ENOG411DSW0,1,1,1,1,1,1,1,1,1,1,1,1,1,1,6,39,48,66,79,1068.0
ENOG411DQAJ,1,1,1,1,1,1,1,1,1,1,1,1,1,1,6,39,48,91,109,1069.0
ENOG411E08J,1,1,1,1,1,1,1,1,1,1,1,1,1,1,6,7,812,869,926,1070.0
ENOG411DSET,1,1,1,1,1,1,1,1,1,1,1,1,1,1,6,7,8,11,15,1071.0
ENOG411DXAP,1,1,1,1,1,1,1,1,1,1,1,1,1,1,6,7,8,11,15,1072.0
ENOG411DUHR,1,1,1,1,1,1,1,1,1,1,1,1,1,1,6,7,8,11,37,1073.0
ENOG411DPMX,1,1,1,1,1,1,1,1,1,1,1,1,1,1,6,7,8,11,37,1074.0
ENOG411DYP6,1,1,1,1,1,1,1,1,1,1,1,1,1,1,6,7,8,863,920,1075.0
ENOG411DY5N,1,1,1,1,1,1,1,1,1,1,1,1,1,1,6,7,8,70,83,1076.0
ENOG411DWBB,1,1,1,1,1,1,1,1,1,1,1,1,1,1,6,7,8,19,369,1077.0
ENOG411DU37,1,1,1,1,1,1,1,1,1,1,1,1,1,1,6,7,8,19,23,1078.0
ENOG411DUPC,1,1,1,1,1,1,1,1,1,1,1,1,1,1,6,7,8,19,23,1079.0
ENOG411DSKT,1,1,1,1,1,1,1,1,1,1,1,1,1,1,6,7,8,19,23,1080.0
ENOG411DPVW,1,1,1,1,1,1,1,1,1,1,1,1,1,1,6,7,10,15,19,1081.0
ENOG411DSIH,1,1,1,1,1,1,1,1,1,1,1,1,1,1,6,7,10,15,19,1082.0
ENOG411DQP6,1,1,1,1,1,1,1,1,1,1,1,1,1,1,6,7,15,26,30,1083.0
ENOG411DVFS,1,1,1,1,1,1,1,1,1,1,1,1,1,1,6,7,15,26,30,1084.0
ENOG411DXX0,1,1,1,1,1,1,1,1,1,1,1,1,1,1,6,7,15,26,30,1085.0
ENOG411DZ79,1,1,1,1,1,1,1,1,1,1,1,1,1,1,6,7,15,23,136,1086.0
ENOG411DRBP,1,1,1,1,1,1,1,1,1,1,1,1,1,1,6,7,15,23,420,1087.0
ENOG411DQWY,1,1,1,1,1,1,1,1,1,1,1,1,1,1,6,7,15,23,27,1088.0
ENOG411DWD0,1,1,1,1,1,1,1,1,1,1,1,1,1,1,6,7,15,23,44,1089.0
ENOG411DW04,1,1,1,1,1,1,1,1,1,1,1,1,1,1,585,636,690,745,801,1090.0
ENOG411DXKI,1,1,1,1,1,1,1,1,1,1,1,1,1,1,1,358,397,445,490,1091.0
ENOG411DTYJ,1,1,1,1,1,1,1,1,1,1,1,1,1,1,1,31,40,56,65,1092.0
ENOG411DQHC,1,1,1,1,1,1,1,1,1,1,1,1,1,1,1,31,40,56,65,1093.0
ENOG411DRDS,1,1,1,1,1,1,1,1,1,1,1,1,1,1,1,31,40,56,65,1094.0
ENOG411DYHC,1,1,1,1,1,1,1,1,1,1,1,1,1,1,1,31,40,56,65,1095.0
ENOG411DUIS,1,1,1,1,1,1,1,1,1,1,1,1,1,1,1,31,40,56,73,1096.0
ENOG411DQRN,1,1,1,1,1,1,1,1,1,1,1,1,1,1,1,31,40,56,67,1097.0
ENOG411DSIW,1,1,1,1,1,1,1,1,1,1,1,1,1,1,1,31,40,56,67,1098.0
ENOG411DVJQ,1,1,1,1,1,1,1,1,1,1,1,1,1,1,1,31,40,56,67,1099.0
ENOG411DU0N,1,1,1,1,1,1,1,1,1,1,1,1,1,1,1,31,74,95,114,1100.0
ENOG411DTQ7,1,1,1,1,1,1,1,1,1,1,1,1,1,1,1,31,74,127,151,1101.0
ENOG411DSI5,1,1,1,1,1,1,1,1,1,1,1,1,1,1,1,1,618,673,729,1102.0
ENOG411DWP8,1,1,1,1,1,1,1,1,1,1,1,1,1,1,1,1,1,139,163,1103.0
ENOG411E0AG,1,1,1,1,1,1,1,1,1,1,1,1,1,1,1,1,1,1,1,1104.0
ENOG411DUP7,1,1,1,1,1,1,1,1,1,1,1,1,1,1,1,1,1,1,1,1105.0
ENOG411DU7U,1,1,1,1,1,1,1,1,1,1,1,1,1,1,1,1,1,1,1,1106.0
ENOG411DSWT,1,1,1,1,1,1,1,1,1,1,1,1,1,1,1,1,1,1,1,1107.0
ENOG411DPV8,1,1,1,1,1,1,1,1,1,1,1,1,1,1,1,1,1,1,1,1108.0
ENOG411DS3J,1,1,1,1,1,1,1,1,1,1,1,1,1,1,1,1,1,1,1,1109.0
ENOG411DRSV,1,1,1,1,1,1,1,1,1,1,1,1,1,1,1,1,1,1,4,1110.0
ENOG411DS8A,1,1,1,1,1,1,1,1,1,1,1,1,1,1,1,1,1,1,2,1111.0
ENOG411DTN4,1,1,1,1,1,1,1,1,1,1,1,1,1,1,1,1,1,1,3,1112.0
ENOG411DWEV,1,1,1,1,1,1,1,1,1,1,1,1,1,1,1,1,1,1,3,1113.0
ENOG411DTT6,1,1,1,1,1,1,1,1,1,1,1,1,1,1,1,1,1,1,3,1114.0
ENOG411E0JK,1,1,1,1,1,1,1,1,1,1,1,1,1,1,1,1,1,1,3,1115.0
ENOG411DXQY,1,1,1,1,1,1,1,1,1,1,1,1,1,1,1,1,1,1,3,1116.0
ENOG411DSW1,1,1,1,1,1,1,1,1,1,1,1,1,1,1,1,1,1,1,3,1117.0
ENOG411DYMK,1,1,1,1,1,1,1,1,1,1,1,1,1,1,1,1,1,1,3,1118.0
ENOG411EMI2,1,1,1,1,1,1,335,383,442,500,560,619,679,739,800,860,920,981,1041,1119.0
ENOG411DU8M,1,1,1,1,1,1,205,223,251,283,313,342,373,415,452,497,544,597,649,1120.0
ENOG411E49I,1,1,1,1,1,1,160,175,198,221,283,308,334,371,408,450,494,545,595,1121.0
ENOG411DS24,1,1,1,1,1,1,160,175,198,221,247,270,290,325,357,396,436,485,532,1122.0
ENOG411E3JN,1,1,1,1,1,1,160,175,198,221,247,270,295,330,362,402,442,491,539,1123.0
ENOG411DU00,1,1,1,1,1,1,9,10,186,207,233,255,274,308,338,375,414,462,508,1124.0
ENOG411E3RZ,1,1,1,1,1,1,9,10,10,423,471,520,565,621,674,728,785,840,897,1125.0
ENOG411E1TZ,1,1,1,1,1,1,9,10,10,12,53,56,58,68,227,251,280,320,359,1126.0
ENOG411DPRH,1,1,1,1,1,1,9,10,10,12,53,56,58,68,72,80,93,116,139,1127.0
ENOG411DSWX,1,1,1,1,1,1,9,10,10,12,53,56,58,68,72,80,93,118,142,1128.0
ENOG411DT2F,1,1,1,1,1,1,9,10,10,12,53,56,58,68,72,80,93,216,245,1129.0
ENOG411EGHE,1,1,1,1,1,1,9,10,10,12,538,596,655,715,774,834,894,955,1015,1130.0
ENOG411E7A4,1,1,1,1,1,1,9,10,10,12,458,505,548,603,654,706,762,817,874,1131.0
ENOG411DUED,1,1,1,1,1,1,9,10,10,12,12,229,245,278,304,337,375,421,465,1132.0
ENOG411DZ53,1,1,1,1,1,1,9,10,10,12,12,229,245,278,625,676,730,785,841,1133.0
ENOG411E4S2,1,1,1,1,1,1,9,10,10,12,12,13,13,15,560,609,660,715,771,1134.0
ENOG411E439,1,1,1,1,1,1,9,10,10,12,12,13,13,15,16,29,679,734,790,1135.0
ENOG411E68D,1,1,1,1,1,1,9,10,10,12,12,13,13,15,16,29,857,918,978,1136.0
ENOG411E2U1,1,1,1,1,1,1,9,10,10,12,12,13,13,15,16,29,37,65,405,1137.0
ENOG411DQSI,1,1,1,1,1,1,9,10,10,12,12,13,13,15,16,29,37,65,111,1138.0
ENOG411E2QG,1,1,1,1,1,1,9,10,10,12,12,13,13,15,16,29,37,65,78,1139.0
ENOG411E0BW,1,1,1,1,1,1,9,10,10,12,12,13,13,15,16,29,37,65,78,1140.0
ENOG411E3A8,1,1,1,1,1,1,9,10,10,12,12,13,13,15,16,29,37,64,645,1141.0
ENOG411E7K9,1,1,1,1,1,1,9,10,10,12,12,13,13,15,16,29,37,64,975,1142.0
ENOG411E3SI,1,1,1,1,1,1,9,10,10,12,12,13,13,15,16,29,37,64,687,1143.0
ENOG411DS0R,1,1,1,1,1,1,9,10,10,12,12,13,13,15,16,29,37,64,77,1144.0
ENOG411DZRD,1,1,1,1,1,1,9,10,10,12,12,13,13,15,16,29,37,64,77,1145.0
ENOG411DPUN,1,1,1,1,1,1,9,10,10,12,12,13,13,15,16,29,37,64,103,1146.0
ENOG411DX2I,1,1,1,1,1,1,9,10,10,12,12,13,13,15,16,29,37,64,103,1147.0
ENOG411E2KA,1,1,1,1,1,1,9,10,10,12,12,13,13,15,16,29,37,64,164,1148.0
ENOG411E2S2,1,1,1,1,1,1,9,10,10,12,12,13,13,15,16,29,37,64,115,1149.0
ENOG411E4SU,1,1,1,1,1,1,9,10,10,12,12,13,13,15,16,29,37,64,115,1150.0
ENOG411DVGU,1,1,1,1,1,1,9,10,10,12,12,13,13,15,16,29,37,52,138,1151.0
ENOG411DQB1,1,1,1,1,1,1,9,10,10,12,12,13,13,15,16,29,37,52,70,1152.0
ENOG411DS4G,1,1,1,1,1,1,9,10,10,12,12,13,13,15,16,29,37,52,70,1153.0
ENOG411DR8U,1,1,1,1,1,1,9,10,10,12,12,13,13,15,16,29,37,52,61,1154.0
ENOG411DRHR,1,1,1,1,1,1,9,10,10,12,12,13,13,15,16,29,37,52,61,1155.0
ENOG411DU5U,1,1,1,1,1,1,9,10,10,12,12,13,13,15,16,29,37,74,90,1156.0
ENOG411E2UM,1,1,1,1,1,1,9,10,10,12,12,13,13,15,16,29,37,74,246,1157.0
ENOG411E77K,1,1,1,1,1,1,9,10,10,12,12,13,13,15,16,125,140,171,198,1158.0
ENOG411E3R2,1,1,1,1,1,1,9,10,10,12,12,13,13,15,16,297,330,373,415,1159.0
ENOG411DRVX,1,1,1,1,1,1,9,10,10,12,12,13,13,15,16,18,79,100,120,1160.0
ENOG411E5TI,1,1,1,1,1,1,9,10,10,12,12,13,13,15,16,18,79,883,940,1161.0
ENOG411DV1C,1,1,1,1,1,1,9,10,10,12,12,13,13,15,16,18,23,32,47,1162.0
ENOG411DUAM,1,1,1,1,1,1,9,10,10,12,12,13,13,15,16,18,23,32,47,1163.0
ENOG411DSK3,1,1,1,1,1,1,9,10,10,12,12,13,13,15,16,18,23,32,47,1164.0
ENOG411DS83,1,1,1,1,1,1,9,10,10,12,12,13,13,15,16,18,23,32,69,1165.0
ENOG411DRJ2,1,1,1,1,1,1,9,10,10,12,12,13,13,15,16,18,23,32,39,1166.0
ENOG411DYC3,1,1,1,1,1,1,9,10,10,12,12,13,13,15,16,18,23,32,39,1167.0
ENOG411DQSP,1,1,1,1,1,1,9,10,10,12,12,13,13,15,16,18,23,32,84,1168.0
ENOG411E2NU,1,1,1,1,1,1,9,10,10,12,12,13,13,15,16,18,23,32,84,1169.0
ENOG411E3J8,1,1,1,1,1,1,9,10,10,12,12,13,13,15,16,18,23,32,335,1170.0
ENOG411DS18,1,1,1,1,1,1,9,10,10,12,12,13,13,15,16,18,23,32,253,1171.0
ENOG411E3NP,1,1,1,1,1,1,9,10,10,12,12,13,13,15,16,18,23,32,85,1172.0
ENOG411DQA2,1,1,1,1,1,1,9,10,10,12,12,13,13,15,16,18,23,32,85,1173.0
ENOG411DQDY,1,1,1,1,1,1,9,10,10,12,12,13,13,15,16,18,23,32,85,1174.0
ENOG411DTV3,1,1,1,1,1,1,9,10,10,12,12,13,13,15,16,18,23,32,85,1175.0
ENOG411DXBT,1,1,1,1,1,1,9,10,10,12,12,13,13,15,16,18,23,32,85,1176.0
ENOG411DZR8,1,1,1,1,1,1,9,10,10,12,12,13,13,15,16,18,23,32,85,1177.0
ENOG411DQRY,1,1,1,1,1,1,9,10,10,12,12,13,13,15,16,18,23,32,85,1178.0
ENOG411E4V5,1,1,1,1,1,1,9,10,10,12,12,13,13,15,16,18,23,32,85,1179.0
ENOG411E0AU,1,1,1,1,1,1,9,10,10,12,12,13,13,15,16,18,23,36,43,1180.0
ENOG411DQSK,1,1,1,1,1,1,9,10,10,12,12,13,13,15,16,18,23,36,43,1181.0
ENOG411E33B,1,1,1,1,1,1,9,10,10,12,12,13,13,15,16,18,23,45,176,1182.0
ENOG411E3P7,1,1,1,1,1,1,9,10,10,12,12,13,13,15,16,18,23,45,421,1183.0
ENOG411E2TY,1,1,1,1,1,1,9,10,10,12,12,13,13,15,16,18,23,45,88,1184.0
ENOG411DVJX,1,1,1,1,1,1,9,10,10,12,12,13,13,15,16,18,23,45,54,1185.0
ENOG411E4PZ,1,1,1,1,1,1,9,10,10,12,12,13,13,15,16,18,23,45,54,1186.0
ENOG411E3NR,1,1,1,1,1,1,9,10,10,12,12,13,13,15,16,18,23,45,54,1187.0
ENOG411DWKI,1,1,1,1,1,1,9,10,10,12,12,13,13,15,16,18,23,45,54,1188.0
ENOG411E2UT,1,1,1,1,1,1,9,10,10,12,12,13,13,15,16,18,23,45,467,1189.0
ENOG411E4UF,1,1,1,1,1,1,9,10,10,12,12,13,13,15,16,18,23,45,249,1190.0
ENOG411E4QM,1,1,1,1,1,1,9,10,10,12,12,13,13,15,16,18,23,45,672,1191.0
ENOG411DPQ8,1,1,1,1,1,1,9,10,10,12,12,13,13,15,16,18,36,51,60,1192.0
ENOG411E3SN,1,1,1,1,1,1,9,10,10,12,12,13,13,15,16,18,36,51,140,1193.0
ENOG411E618,1,1,1,1,1,1,9,10,10,12,12,13,13,15,16,18,36,161,965,1194.0
ENOG411E41J,1,1,1,1,1,1,9,10,10,12,12,13,13,15,16,18,36,161,187,1195.0
ENOG411E31C,1,1,1,1,1,1,9,10,10,12,12,13,13,15,16,18,36,161,316,1196.0
ENOG411DTUG,1,1,1,1,1,1,9,10,10,12,12,13,13,15,16,18,36,161,316,1197.0
ENOG411DPUB,1,1,1,1,1,1,9,10,10,12,12,13,13,267,293,325,360,406,450,1198.0
ENOG411E0B3,1,1,1,1,1,1,9,10,10,12,12,13,13,267,394,436,479,528,577,1199.0
ENOG411E2R8,1,4,121,180,221,256,293,324,364,402,444,489,528,578,627,678,732,787,843,1200.0
ENOG411E3U5,1,4,121,180,221,256,293,324,364,402,444,489,528,578,627,678,732,787,843,1201.0
ENOG411DSV2,1,4,7,13,15,16,18,21,21,23,26,28,28,31,33,37,46,62,75,1202.0
ENOG411DVD6,1,4,7,13,15,16,18,21,21,23,26,28,28,31,33,37,46,62,75,1203.0
ENOG411DR3E,1,18,41,67,78,85,90,97,106,113,126,133,145,167,182,202,224,261,296,1204.0
ENOG411DY8R,1,18,41,67,78,85,90,97,106,113,126,133,145,167,182,202,224,261,296,1205.0
ENOG411DSRB,1,18,45,75,88,95,101,109,120,127,141,149,164,189,207,229,256,295,332,1206.0
ENOG411DXSJ,1,18,45,75,88,95,101,109,120,127,141,149,164,189,207,229,256,295,332,1207.0
